-- phpMyAdmin SQL Dump
-- version 5.2.1
-- https://www.phpmyadmin.net/
--
-- Máy chủ: 127.0.0.1
-- Thời gian đã tạo: Th10 20, 2023 lúc 04:59 AM
-- Phiên bản máy phục vụ: 10.4.28-MariaDB
-- Phiên bản PHP: 8.2.4

SET SQL_MODE = "NO_AUTO_VALUE_ON_ZERO";
START TRANSACTION;
SET time_zone = "+00:00";


/*!40101 SET @OLD_CHARACTER_SET_CLIENT=@@CHARACTER_SET_CLIENT */;
/*!40101 SET @OLD_CHARACTER_SET_RESULTS=@@CHARACTER_SET_RESULTS */;
/*!40101 SET @OLD_COLLATION_CONNECTION=@@COLLATION_CONNECTION */;
/*!40101 SET NAMES utf8mb4 */;

--
-- Cơ sở dữ liệu: `nike`
--

-- --------------------------------------------------------

--
-- Cấu trúc bảng cho bảng `feel_back`
--

CREATE TABLE `feel_back` (
  `id` bigint(20) NOT NULL,
  `comment` varchar(255) DEFAULT NULL,
  `date` date DEFAULT NULL,
  `start` float DEFAULT NULL,
  `user_id` bigint(20) NOT NULL,
  `product_id` bigint(20) NOT NULL
) ENGINE=InnoDB DEFAULT CHARSET=utf8mb4 COLLATE=utf8mb4_general_ci;

--
-- Đang đổ dữ liệu cho bảng `feel_back`
--

INSERT INTO `feel_back` (`id`, `comment`, `date`, `start`, `user_id`, `product_id`) VALUES
(1, 'Hàng tốt lắm nha. Mang êm chân', '2023-11-08', 4, 1, 1),
(1, 'Hàng tốt lắm nha. Mang êm chân', '2023-11-08', 5, 1, 17);

-- --------------------------------------------------------

--
-- Cấu trúc bảng cho bảng `orders`
--

CREATE TABLE `orders` (
  `order_id` bigint(20) NOT NULL,
  `order_date` date DEFAULT NULL,
  `user_id` bigint(20) DEFAULT NULL
) ENGINE=InnoDB DEFAULT CHARSET=utf8mb4 COLLATE=utf8mb4_general_ci;

--
-- Đang đổ dữ liệu cho bảng `orders`
--

INSERT INTO `orders` (`order_id`, `order_date`, `user_id`) VALUES
(1, '2023-11-08', 1);

-- --------------------------------------------------------

--
-- Cấu trúc bảng cho bảng `order_detail`
--

CREATE TABLE `order_detail` (
  `price` double DEFAULT NULL,
  `quantity` int(11) DEFAULT NULL,
  `total` double DEFAULT NULL,
  `order_id` bigint(20) NOT NULL,
  `product_id` bigint(20) NOT NULL
) ENGINE=InnoDB DEFAULT CHARSET=utf8mb4 COLLATE=utf8mb4_general_ci;

--
-- Đang đổ dữ liệu cho bảng `order_detail`
--

INSERT INTO `order_detail` (`price`, `quantity`, `total`, `order_id`, `product_id`) VALUES
(1000000, 10, 10000000, 1, 21);

-- --------------------------------------------------------

--
-- Cấu trúc bảng cho bảng `product`
--

CREATE TABLE `product` (
  `id` bigint(20) NOT NULL,
  `brand` varchar(255) DEFAULT NULL,
  `color` varchar(255) DEFAULT NULL,
  `coupon` int(11) DEFAULT NULL,
  `description` varchar(255) DEFAULT NULL,
  `information` varchar(255) DEFAULT NULL,
  `name` varchar(255) DEFAULT NULL,
  `price` double DEFAULT NULL,
  `status` bit(1) DEFAULT NULL,
  `tag` varchar(255) DEFAULT NULL
) ENGINE=InnoDB DEFAULT CHARSET=utf8mb4 COLLATE=utf8mb4_general_ci;

--
-- Đang đổ dữ liệu cho bảng `product`
--

INSERT INTO `product` (`id`, `brand`, `color`, `coupon`, `description`, `information`, `name`, `price`, `status`, `tag`) VALUES
(1, 'Nike Sportswear', 'White/White', 0, 'The radiance lives on in the Nike Air Force 1 \'07, the basketball original that puts a fresh spin on what you know best: durably stitched overlays, clean finishes and the perfect amount of flash to make you shine.', 'Limited to (1) pair per consumer The ® may appear once or twice on the tongue and/or sockliner as a result of a change implemented by Nike. The product you purchase may appear differently in this respect than the one depicted on Nike.com or NikeApp.', 'Nike Air Force 1 \'07', 2929000, b'0', 'Men\'s,Shoes'),
(2, 'Nike Sportswear', ' Stone/Light Bone/Summit White/Stone', 0, 'The Air Max Pulse Roam takes cues from its stylish forerunner and moves it in a more utilitarian direction. This means durability without the discomfort and style without the effort. Point-loaded Air cushioning—revamped from the incredibly plush Air Max 2', NULL, 'Nike Air Max Pulse Roam', 4699000, b'0', 'Men\'s,Shoes'),
(3, 'Nike Sportswear', 'Black/Black', 0, 'The radiance lives on in the Nike Air Force 1 \'07, the basketball original that puts a fresh spin on what you know best: durably stitched overlays, clean finishes and the perfect amount of flash to make you shine.', 'Limited to (1) pair per consumerThe ® may appear once or twice on the tongue and/or sockliner as a result of a change implemented by Nike. The product you purchase may appear differently in this respect than the one depicted on Nike.com or NikeApp.', 'Nike Air Force 1 \'07', 2929000, b'0', 'Men\'s,Shoes'),
(4, 'Nike Sportswear', 'Deep Jungle/Light Silver/Deep Jungle/White', 0, 'Created for the hardwood but taken to the streets, the \'80s b-ball icon returns with classic materials and throwback hoops flair. Channelling vintage style back onto the streets, its padded collar lets you take your game anywhere—in comfort', 'The ® may appear once or twice on the tongue and/or sockliner as a result of a change implemented by Nike. The product you purchase may appear differently in this respect than the one depicted on Nike.com or NikeApp.', 'Nike Dunk Low Retro Premium', 3519000, b'0', 'Men\'s,Shoes'),
(5, 'NikeLab', 'Moss/Moss/Light Orewood Brown/Black', 15, 'Find the comfort of home after your next adventure in the Nike ACG Moc. Bringing a relaxed, cosy feel to even the most rugged campsite, its slip-on design and plush foam midsole pair perfectly with a hot drink and wild vistas. The insulated upper helps ke', NULL, 'Nike ACG Moc', 2649000, b'0', 'Men\'s,Shoes'),
(6, 'NikeLab', 'Vivid Sulphur/Black/University Red/University Gold', 15, 'These cats aren\'t afraid to get wet. Preferring to spend more time splashing than not, the quick-drying Watercat+ takes you to the water\'s edge and across to the other side. Born out of our long history of woven shoes, the minimalist upper is crafted from', NULL, 'Nike ACG Watercat+', 3669000, b'0', 'Shoes'),
(7, 'NikeLab', 'Court Purple/Space Purple/Summit White/Action Grape', 0, 'These cats aren\'t afraid to get wet. Preferring to spend more time splashing than not, the quick-drying Watercat+ takes you to the water\'s edge and across to the other side. Born out of our long history of woven shoes, the minimalist upper is crafted from', NULL, 'Nike ACG Watercat+', 3669000, b'0', 'Shoes'),
(8, 'NikeLab', 'Court Purple/Space Purple/Summit White/Action Grape', 0, 'Phantom/Summit White/Dark Russet/Light Orewood Brown', NULL, 'Nike ACG Watercat+', 3669000, b'0', 'Shoes'),
(9, 'NikeLab', 'Cargo Khaki/Black/Bright Cactus/Moss', 25, 'From streets to parks to trails, build up the miles in these city-to-adventure shoes. Designed and tested in the rugged Pacific Northwest, the mixed-material upper pairs durability with easy styling. A rubber outsole with a heavy-duty, tuned lug pattern g', NULL, 'Nike ACG Lowcate', 3239000, b'0', 'Shoes'),
(10, 'NikeLab', 'Cargo Khaki/Black/Bright Cactus/Moss', 25, 'From streets to parks to trails, build up the miles in these city-to-adventure shoes. Designed and tested in the rugged Pacific Northwest, the mixed-material upper pairs durability with easy styling. A rubber outsole with a heavy-duty, tuned lug pattern g', NULL, 'Nike ACG Lowcate', 3239000, b'0', 'Shoes'),
(11, 'NikeLab', 'Cargo Khaki/Black/Bright Cactus/Moss', 25, 'From streets to parks to trails, build up the miles in these city-to-adventure shoes. Designed and tested in the rugged Pacific Northwest, the mixed-material upper pairs durability with easy styling. A rubber outsole with a heavy-duty, tuned lug pattern g', NULL, 'Nike ACG Lowcate', 3239000, b'0', 'Shoes'),
(12, 'NikeLab', 'Gridiron/Summit White/Summit White/Black', 15, 'On the trail, details matter. Fast, rugged and ready for whatever wild comes your way, the updated ACG Mountain Fly 2 is here to take you to the top. Over glacial-smoothed granite and root-twisted trails, we\'ve reinforced every step with an extended toe c', NULL, 'Nike ACG Mountain Fly 2 Low', 4409000, b'0', 'Men\'s,Shoes'),
(13, 'NikeLab', 'Neutral Olive/Action Grape/Light Orewood Brown/Gridiron', 15, 'On the trail, details matter. Fast, rugged and ready for whatever wild comes your way, the updated ACG Mountain Fly 2 is here to take you to the top. Over glacial-smoothed granite and root-twisted trails, we\'ve reinforced every step with an extended toe c', NULL, 'Nike ACG Mountain Fly 2 Low', 4409000, b'0', 'Men\'s,Shoes'),
(14, 'NikeLab', 'Laser Orange/Laser Orange/Light Orewood Brown/Light Orewood Brown', 15, 'On the trail, details matter. Fast, rugged and ready for whatever wild comes your way, the updated ACG Mountain Fly 2 is here to take you to the top. Over glacial-smoothed granite and root-twisted trails, we\'ve reinforced every step with an extended toe c', NULL, 'Nike ACG Mountain Fly 2 Low', 4409000, b'0', 'Men\'s,Shoes'),
(15, 'Jordan', 'White/Varsity Red/White/Black', 0, 'Have you got five seconds? Then you\'ve got time to get your kid into these Jordans. The hook-and-loop system makes it easy to open up the shoe and secure it onto little feet. And the look is 100% classic Jordan. They\'ll stay stylish (as if there was any d', NULL, 'Jordan 1 Low Alt', 1659000, b'0', 'Younger,Kids\',Shoes'),
(16, 'Jordan', 'Purple Venom/White/Black', 0, 'Have you got five seconds? Then you\'ve got time to get your kid into these Jordans. The hook-and-loop system makes it easy to open up the shoe and secure it onto little feet. And the look is 100% classic Jordan. They\'ll stay stylish (as if there was any d', NULL, 'Jordan 1 Low Alt', 1659000, b'0', 'Younger,Kids\',Shoes'),
(17, 'Jordan', 'Sky J Purple/White/Sky J Light Purple', 0, 'Have you got five seconds? Then you\'ve got time to get your kid into these Jordans. The hook-and-loop system makes it easy to open up the shoe and secure it onto little feet. And the look is 100% classic Jordan. They\'ll stay stylish (as if there was any d', NULL, 'Jordan 1 Low Alt', 1659000, b'0', 'Younger,Kids\',Shoes'),
(18, 'Jordan', 'Black/University Blue/White/Black', 15, 'Have you got five seconds? Then you\'ve got time to get your kid into these Jordans. The hook-and-loop system makes it easy to open up the shoe and secure it onto little feet. And the look is 100% classic Jordan. They\'ll stay stylish (as if there was any d', NULL, 'Jordan 1 Low Alt', 1659000, b'0', 'Younger,Kids\',Shoes'),
(19, 'Jordan', 'White/Black/Bright Concord/True Red', 0, 'Inspired by the AJ1, the Sky Jordan 1 is equal parts iconic and adorable. It has soft foam cushioning, rubber traction and a hook-and-loop strap for easy on and off.', NULL, 'Sky Jordan 1', 1659000, b'0', 'Younger,Kids\',Shoes'),
(20, 'Jordan', 'University Blue/White/Black', 15, 'Inspired by the AJ1, the Sky Jordan 1 is equal parts iconic and adorable. It has soft foam cushioning, rubber traction and a hook-and-loop strap for easy on and off.', NULL, 'Sky Jordan 1', 1659000, b'0', 'Younger,Kids\',Shoes'),
(21, 'Jordan', 'Black/Gym Red/White', 0, 'Inspired by the AJ1, the Sky Jordan 1 is equal parts iconic and adorable. It has soft foam cushioning, rubber traction and a hook-and-loop strap for easy on and off.', NULL, 'Sky Jordan 1', 1659000, b'0', 'Younger,Kids\',Shoes'),
(22, 'Jordan', 'Black/White/Cement Grey/Game Royal', 0, 'Celebrate MJ\'s legacy with this shout-out to Chicago\'s 312 area code. With elements from three iconic Jordans (the AJ3, AJ1 and Air Alpha Force), it\'s a modern mash-up that reps the best.', NULL, 'Air Jordan Legacy 312 Low', 4259000, b'0', 'Men\'s,Shoes'),
(23, 'Jordan', 'Summit White/Tech Grey/Black/Fire Red', 15, 'Celebrate MJ\'s legacy with this shout-out to Chicago\'s 312 area code. With elements from three iconic Jordans (the AJ3, AJ1 and Air Alpha Force), it\'s a modern mash-up that reps the best.', NULL, 'Air Jordan Legacy 312 Low', 4259000, b'0', 'Men\'s,Shoes'),
(24, 'Jordan', 'Style: CD7069-130', 0, 'Celebrate MJ\'s legacy with this shout-out to Chicago\'s 312 area code. With elements from three iconic Jordans (the AJ3, AJ1 and Air Alpha Force), it\'s a modern mash-up that reps the best.', NULL, 'Air Jordan Legacy 312 Low', 4259000, b'0', 'Men\'s,Shoes'),
(25, 'Jordan', 'White/Wolf Grey/Washed Teal', 30, 'Celebrate MJ\'s legacy with this shout-out to Chicago\'s 312 area code. With elements from three iconic Jordans (the AJ3, AJ1 and Air Alpha Force), it\'s a modern mash-up that reps the best.', NULL, 'Air Jordan Legacy 312 Low', 4259000, b'0', 'Men\'s,Shoes'),
(26, 'Jordan', 'Black/Valour Blue/University Red/Wolf Grey', 0, 'Celebrate MJ\'s legacy with this shout-out to Chicago\'s 312 area code. With elements from three iconic Jordans (the AJ3, AJ1 and Air Alpha Force), it\'s a modern mash-up that reps the best.', NULL, 'Air Jordan Legacy 312 Low', 4259000, b'0', 'Men\'s,Shoes'),
(27, 'Jordan', 'White/Gym Red/Black', 0, 'Celebrate MJ\'s legacy with this shout-out to Chicago\'s 312 area code. With elements from three iconic Jordans (the AJ3, AJ1 and Air Alpha Force), it\'s a modern mash-up that reps the best.', NULL, 'Air Jordan Legacy 312 Low', 4259000, b'0', 'Men\'s,Shoes'),
(28, 'Nike Sportswear', 'Summit White/Hemp/Black/Lapis', 0, 'Lace up and feel the legacy. These AM90s will keep up with you on all your adventures thanks to a mix of GORE-TEX and mesh materials. Worn by presidents, revolutionised through collabs and celebrated through rare colourways, the Waffle sole, striking visu', NULL, 'Nike Air Max 90 GORE-TEX', 4699000, b'0', 'Men\'s,Shoes'),
(29, 'Nike Sportswear', 'Medium Olive/Cargo Khaki/Burgundy Crush/Neutral Olive', 0, 'Lace up and feel the legacy. These AM90s will keep up with you on all your adventures thanks to a mix of GORE-TEX and mesh materials. Worn by presidents, revolutionised through collabs and celebrated through rare colourways, the Waffle sole, striking visu', NULL, 'Nike Air Max 90 GORE-TEX', 4699000, b'0', 'Men\'s,Shoes'),
(30, 'Nike Sportswear', 'Black/Anthracite/Mica Green/Honeydew', 0, 'Lace up and feel the legacy. These AM90s will keep up with you on all your adventures thanks to a mix of GORE-TEX and mesh materials. Worn by presidents, revolutionised through collabs and celebrated through rare colourways, the Waffle sole, striking visu', NULL, 'Nike Air Max 90 GORE-TEX', 4699000, b'0', 'Men\'s,Shoes'),
(31, 'Nike Sportswear', 'Multi-Colour/Multi-Colour', 0, 'Take your game anywhere with the Nike Dunk Low By You. Created for the hardwood but taken to the streets, the \'80s b-ball icon returns with a new design thought up by you. Select a Nike Grind, Gum or standard outsole. Pick your favourite colours. Then sea', NULL, 'Nike Dunk Low By Dans Fabrika', 3829000, b'0', 'Custom,Men\'s,Shoes'),
(32, 'Nike Sportswear', 'White/Black/University Red', 0, 'The Nike Air Max LTD 3 gives you comfort with a real and synthetic leather upper and cushioning with a Max Air unit under the heel. Flex grooves in the outsole promote full range of motion for your feet.', NULL, 'Nike Air Max LTD 3', 3519000, b'0', 'Men\'s,Shoes'),
(33, 'Nike By You', 'Multi-Colour/Multi-Colour', 0, 'Empower your design eye and open a world of on-pitch possibilities in the Phantom Luna By You. Paint the plates with a metallic pop, pick out a scaly snakeskin-like print and dip almost every part of this culture-changer in energetic colours. Top it off w', NULL, 'Nike Phantom Luna FG By You', 4389000, b'0', 'Custom,Women\'s,Firm-Ground,Football,Boot'),
(34, 'Nike By You', 'Multi-Colour/Multi-Colour', 0, 'Empower your design eye and open a world of on-pitch possibilities in the Phantom Luna By You. Paint the plates with a metallic pop, pick out a scaly snakeskin-like print and dip almost every part of this culture-changer in energetic colours. Top it off w', NULL, 'Nike Phantom Luna FG By You', 4389000, b'0', 'Custom,Women\'s,Firm-Ground,Football,Boot'),
(35, 'Nike By You', 'Multi-Colour/Multi-Colour', 0, 'Empower your design eye and open a world of on-pitch possibilities in the Phantom Luna By You. Paint the plates with a metallic pop, pick out a scaly snakeskin-like print and dip almost every part of this culture-changer in energetic colours. Top it off w', NULL, 'Nike Phantom Luna FG By You', 4389000, b'0', 'Custom,Women\'s,Firm-Ground,Football,Boot'),
(36, 'Nike By You', 'Multi-Colour/Multi-Colour', 0, 'Empower your design eye and open a world of on-pitch possibilities in the Phantom Luna By You. Paint the plates with a metallic pop, pick out a scaly snakeskin-like print and dip almost every part of this culture-changer in energetic colours. Top it off w', NULL, 'Nike Phantom Luna FG By You', 4389000, b'0', 'Custom,Women\'s,Firm-Ground,Football,Boot'),
(37, 'Nike By You', 'Multi-Colour/Multi-Colour', 0, 'Empower your design eye and open a world of on-pitch possibilities in the Phantom Luna By You. Paint the plates with a metallic pop, pick out a scaly snakeskin-like print and dip almost every part of this culture-changer in energetic colours. Top it off w', NULL, 'Nike Phantom Luna FG By You', 4389000, b'0', 'Custom,Women\'s,Firm-Ground,Football,Boot'),
(38, 'Nike By You', 'Multi-Colour/Multi-Colour', 0, 'Empower your design eye and open a world of on-pitch possibilities in the Phantom Luna By You. Paint the plates with a metallic pop, pick out a scaly snakeskin-like print and dip almost every part of this culture-changer in energetic colours. Top it off w', NULL, 'Nike Phantom Luna FG By You', 4389000, b'0', 'Custom,Women\'s,Firm-Ground,Football,Boot'),
(39, 'Nike By You', 'Multi-Colour/Multi-Colour/Multi-Colour', 0, 'Take a seat at the table and add your special touch to the hoops-to-streets icon. Inspired by the outdoors, the customisable design lets you be as expressive as you want. Choose between canvas and suede accents for a healthy dose of trail-time flavour. Ad', NULL, 'Nike Dunk High By You', 4539000, b'0', 'Custom,Men\'s,Shoes'),
(40, 'Nike By You', 'Multi-Colour/Multi-Colour/Multi-Colour', 30, 'Take a seat at the table and add your special touch to the hoops-to-streets icon. Inspired by the outdoors, the customisable design lets you be as expressive as you want. Choose between canvas and suede accents for a healthy dose of trail-time flavour. Ad', NULL, 'Nike Dunk High By You', 4539000, b'0', 'Custom,Men\'s,Shoes'),
(41, 'Nike By You', 'Multi-Colour/Multi-Colour/Multi-Colour', 0, 'Take a seat at the table and add your special touch to the hoops-to-streets icon. Inspired by the outdoors, the customisable design lets you be as expressive as you want. Choose between canvas and suede accents for a healthy dose of trail-time flavour. Ad', NULL, 'Nike Dunk High By You', 4539000, b'0', 'Custom,Men\'s,Shoes'),
(42, 'Nike By You', 'Multi-Colour/Multi-Colour/Multi-Colour', 15, 'Take a seat at the table and add your special touch to the hoops-to-streets icon. Inspired by the outdoors, the customisable design lets you be as expressive as you want. Choose between canvas and suede accents for a healthy dose of trail-time flavour. Ad', NULL, 'Nike Dunk High By You', 4539000, b'0', 'Custom,Men\'s,Shoes'),
(43, 'Nike By You', 'Multi-Colour/Multi-Colour/Multi-Colour', 10, 'Take a seat at the table and add your special touch to the hoops-to-streets icon. Inspired by the outdoors, the customisable design lets you be as expressive as you want. Choose between canvas and suede accents for a healthy dose of trail-time flavour. Ad', NULL, 'Nike Dunk High By You', 4539000, b'0', 'Custom,Men\'s,Shoes'),
(44, 'Nike By You', 'Multi-Colour/Multi-Colour/Multi-Colour', 0, 'Take a seat at the table and add your special touch to the hoops-to-streets icon. Inspired by the outdoors, the customisable design lets you be as expressive as you want. Choose between canvas and suede accents for a healthy dose of trail-time flavour. Ad', NULL, 'Nike Dunk High By You', 4539000, b'0', 'Custom,Men\'s,Shoes'),
(45, 'Nike Sportswear', 'White/University Red/Wolf Grey/Obsidian', 5, 'The radiance lives on in the Air Force 1 \'07, the b-ball original that puts a fresh spin on what you know best: durably stitched overlays, clean finishes and the perfect amount of style to make you shine.', NULL, 'Nike Air Force 1 \'07', 3239000, b'0', 'Women\'s,Shoes'),
(46, 'Nike Sportswear', 'Red Stardust/Summit White/Campfire Orange/Rugged Orange', 0, 'Ready to take your style up a notch? We\'ve re-imagined an icon of Air to bring you the perfect mix of throwback details and futuristic design. Sawtooth edging around the outsole is combined with smooth leather and partially floating Swoosh logos to delive', NULL, 'Nike Air Max 90 Futura', 4109000, b'0', 'Women\'s,Shoes'),
(47, 'Nike Sportswear', 'White/Pewter/Sail/Black', 0, 'A new shoe with old-school appeal—your retro dreams just came true. This pared-back design references the classic AF-1, then leans into \'80s style with throwback stitching and varsity-inspired colours. Not everything has to be a throwback, though—modern c', NULL, 'Nike Full Force Low', 2649000, b'0', 'Men\'s,Shoes'),
(48, 'Nike Sportswear', 'White/Black/Sail/Mystic Red', 0, 'A new shoe with old-school appeal—your retro dreams just came true. This pared-back design references the classic AF-1, then leans into \'80s style with throwback stitching and varsity-inspired colours. Not everything has to be a throwback, though—modern c', NULL, 'Nike Full Force Low', 2649000, b'0', 'Men\'s,Shoes'),
(49, 'Nike Sportswear', 'White/Black/Sail/Polar', 0, 'A new shoe with old-school appeal—your retro dreams just came true. This pared-back design references the classic AF-1, then leans into \'80s style with throwback stitching and varsity-inspired colours. Not everything has to be a throwback, though—modern c', NULL, 'Nike Full Force Low', 2649000, b'0', 'Men\'s,Shoes'),
(50, 'Jordan', 'White/Black/Gym Red', 0, 'Say goodbye to the hassle of laces. A hook-and-loop closure makes it easy for your kid to look stylish. Made from classic materials, like a mixture of leathers in the upper and supportive rubber in the outsole, these Jordans will support their steps and t', NULL, 'Jordan 1 Mid Alt', 1909000, b'0', 'Younger,Kids\',Shoes');

-- --------------------------------------------------------

--
-- Cấu trúc bảng cho bảng `product_description`
--

CREATE TABLE `product_description` (
  `id` bigint(20) NOT NULL,
  `title` varchar(255) NOT NULL,
  `content` varchar(255) DEFAULT NULL,
  `product_id` bigint(20) NOT NULL
) ENGINE=InnoDB DEFAULT CHARSET=utf8mb4 COLLATE=utf8mb4_general_ci;

--
-- Đang đổ dữ liệu cho bảng `product_description`
--

INSERT INTO `product_description` (`id`, `title`, `content`, `product_id`) VALUES
(1, 'Air Force 1 Origins', 'Debuting in 1982, the AF-1 was the first basketball shoe to house Nike Air, revolutionising the game while rapidly gaining traction around the world. Today, the Air Force 1 stays true to its roots with the same soft and springy cushioning that changed sne', 1),
(1, 'Benefits', 'The stitched overlays on the upper add heritage style, durability and support.', 1),
(1, 'LEGENDARY STYLE REFINED', 'The radiance lives on in the Nike Air Force 1 \'07, the basketball original that puts a fresh spin on what you know best: durably stitched overlays, clean finishes and the perfect amount of flash to make you shine.', 1),
(1, 'Product Details', 'Foam midsole', 1),
(1, 'Benefits', 'Durable, quality materials (like textile and leather) work together to provide a comfortable fit that lasts.', 2),
(1, 'Nike Air Max Origins', 'Revolutionary Air technology first made its way into Nike footwear in 1978. In 1987, the Air Max 1 debuted with visible Air technology in its heel, allowing fans more than just the feel of Air cushioning—suddenly they could see it. Since then, next-genera', 2),
(1, 'Product details', 'Product details', 2),
(1, 'Air Force 1 Origins', 'Debuting in 1982, the AF-1 was the first basketball shoe to house Nike Air, revolutionising the game while rapidly gaining traction around the world. Today, the Air Force 1 stays true to its roots with the same soft and springy cushioning that changed sne', 3),
(1, 'Benefits', 'The stitched overlays on the upper add heritage style, durability and support.', 3),
(1, 'LEGENDARY STYLE REFINED', 'The radiance lives on in the Nike Air Force 1 \'07, the basketball original that puts a fresh spin on what you know best: durably stitched overlays, clean finishes and the perfect amount of flash to make you shine.', 3),
(1, 'Product Details', 'Foam midsole', 3),
(1, 'Benefits', 'The textured leather upper ages to soft perfection.', 4),
(1, 'Nike Dunk', 'From backboards to skateboards, the influence of the Nike Dunk is undeniable. Although introduced as a basketball shoe in 1985, its flat and grippy soles were perfect for a neglected sport community—skaters. Uncovering a subculture craving creativity as m', 4),
(1, 'Benefits', 'Foam midsole and drop-in footbed bring the comfort of home.', 5),
(1, 'Nike ACG', 'Ready to conquer or escape the urban landscape, Nike All Conditions Gear outfits you in modern wear that tackles the elements. Windproof and waterproof fabrics and breathable technologies keep you covered, while next-level design equips you with versatile', 5),
(1, 'Benefits', 'Woven upper features loosely knit cords for breathability that\'s durable and comfortable with or without socks.', 6),
(1, 'Nike ACG', 'Ready to conquer or escape the urban landscape, Nike All Conditions Gear outfits you in modern wear that tackles the elements. Windproof and waterproof fabrics and breathable technologies keep you covered, while next-level design equips you with versatile', 6),
(1, 'Product Details', 'ACG logos', 6),
(1, 'Benefits', 'Woven upper features loosely knit cords for breathability that\'s durable and comfortable with or without socks.', 7),
(1, 'Nike ACG', 'Ready to conquer or escape the urban landscape, Nike All Conditions Gear outfits you in modern wear that tackles the elements. Windproof and waterproof fabrics and breathable technologies keep you covered, while next-level design equips you with versatile', 7),
(1, 'Product Details', 'ACG logos', 7),
(1, 'Benefits', 'Woven upper features loosely knit cords for breathability that\'s durable and comfortable with or without socks.', 8),
(1, 'Nike ACG', 'Ready to conquer or escape the urban landscape, Nike All Conditions Gear outfits you in modern wear that tackles the elements. Windproof and waterproof fabrics and breathable technologies keep you covered, while next-level design equips you with versatile', 8),
(1, 'Product Details', 'ACG logos', 8),
(1, 'City Style Meets Adventure Style', 'A mixed-material upper delivers a classic outdoors look, is easy to style and can be taken from extra-wild lunch breaks to serious meetings in a flash.', 9),
(1, 'Get Going, Keep Going', 'Trailframe underfoot (a shank above the midsole) provides support, especially when carrying heavy loads.', 9),
(1, 'Go Up, Go Down', 'A rubber outsole with tuned lug pattern delivers traction while ascending, descending and on a variety of surfaces.', 9),
(1, 'More Benefits', 'Midfoot webbing locks in the fit.', 9),
(1, 'Nike ACG', 'Ready to conquer or escape the urban landscape, Nike All Conditions Gear outfits you in modern wear that tackles the elements. Windproof and waterproof fabrics and breathable technologies keep you covered, while next-level design equips you with versatile', 9),
(1, 'City Style Meets Adventure Style', 'A mixed-material upper delivers a classic outdoors look, is easy to style and can be taken from extra-wild lunch breaks to serious meetings in a flash.', 10),
(1, 'Get Going, Keep Going', 'Trailframe underfoot (a shank above the midsole) provides support, especially when carrying heavy loads.', 10),
(1, 'Go Up, Go Down', 'A rubber outsole with tuned lug pattern delivers traction while ascending, descending and on a variety of surfaces.', 10),
(1, 'More Benefits', 'Midfoot webbing locks in the fit.', 10),
(1, 'Nike ACG', 'Ready to conquer or escape the urban landscape, Nike All Conditions Gear outfits you in modern wear that tackles the elements. Windproof and waterproof fabrics and breathable technologies keep you covered, while next-level design equips you with versatile', 10),
(1, 'City Style Meets Adventure Style', 'A mixed-material upper delivers a classic outdoors look, is easy to style and can be taken from extra-wild lunch breaks to serious meetings in a flash.', 11),
(1, 'Get Going, Keep Going', 'Trailframe underfoot (a shank above the midsole) provides support, especially when carrying heavy loads.', 11),
(1, 'Go Up, Go Down', 'A rubber outsole with tuned lug pattern delivers traction while ascending, descending and on a variety of surfaces.', 11),
(1, 'More Benefits', 'Midfoot webbing locks in the fit.', 11),
(1, 'Nike ACG', 'Ready to conquer or escape the urban landscape, Nike All Conditions Gear outfits you in modern wear that tackles the elements. Windproof and waterproof fabrics and breathable technologies keep you covered, while next-level design equips you with versatile', 11),
(1, 'Benefits', 'For extra comfort and support, a foam midsole and lightweight plate runs from the ball of your foot to the heel.', 12),
(1, 'Nike ACG', 'Ready to conquer or escape the urban landscape, Nike All Conditions Gear outfits you in modern wear that tackles the elements. Windproof and waterproof fabrics and breathable technologies keep you covered, while next-level design equips you with versatile', 12),
(1, 'Benefits', 'For extra comfort and support, a foam midsole and lightweight plate runs from the ball of your foot to the heel.', 13),
(1, 'Nike ACG', 'Ready to conquer or escape the urban landscape, Nike All Conditions Gear outfits you in modern wear that tackles the elements. Windproof and waterproof fabrics and breathable technologies keep you covered, while next-level design equips you with versatile', 13),
(1, 'Benefits', 'v', 14),
(1, 'Nike ACG', 'Ready to conquer or escape the urban landscape, Nike All Conditions Gear outfits you in modern wear that tackles the elements. Windproof and waterproof fabrics and breathable technologies keep you covered, while next-level design equips you with versatile', 14),
(1, 'Benefits', 'The hook-and-loop closure system makes on and off easy.', 15),
(1, 'Product Details', 'Wings logo stamped on heel', 15),
(1, 'Benefits', 'The hook-and-loop closure system makes on and off easy.', 16),
(1, 'Product Details', 'Wings logo stamped on heel', 16),
(1, 'Benefits', 'The hook-and-loop closure system makes on and off easy.', 17),
(1, 'Product Details', 'Wings logo stamped on heel', 17),
(1, 'Benefits', 'The hook-and-loop closure system makes on and off easy.', 18),
(1, 'Product Details', 'Wings logo stamped on heel', 18),
(1, 'A KIDS\' ORIGINAL INSPIRED BY MJ\'S FIRST SHOE.', 'Inspired by the AJ1, the Sky Jordan 1 is equal parts iconic and adorable. It has soft foam cushioning, rubber traction and a hook-and-loop strap for easy on and off.', 19),
(1, 'Benefits', 'The real and synthetic leather materials have a classic look and feel.', 19),
(1, 'Product Details', 'Pull tab', 19),
(1, 'A KIDS\' ORIGINAL INSPIRED BY MJ\'S FIRST SHOE.', 'Inspired by the AJ1, the Sky Jordan 1 is equal parts iconic and adorable. It has soft foam cushioning, rubber traction and a hook-and-loop strap for easy on and off.', 20),
(1, 'Benefits', 'The real and synthetic leather materials have a classic look and feel.', 20),
(1, 'Product Details', 'Pull tab', 20),
(1, 'A KIDS\' ORIGINAL INSPIRED BY MJ\'S FIRST SHOE.', 'Inspired by the AJ1, the Sky Jordan 1 is equal parts iconic and adorable. It has soft foam cushioning, rubber traction and a hook-and-loop strap for easy on and off.', 21),
(1, 'Benefits', 'The real and synthetic leather materials have a classic look and feel.', 21),
(1, 'Product Details', 'Pull tab', 21),
(1, 'Benefits', 'Design combines iconic elements of the AJ3, AJ1 and Alpha Force.', 22),
(1, 'SHOUT-OUT TO THE 312.', 'Celebrate MJ\'s legacy with this shout-out to Chicago\'s 312 area code. With elements from three iconic Jordans (the AJ3, AJ1 and Air Alpha Force), it\'s a modern mash-up that reps the best.', 22),
(1, 'Benefits', 'Design combines iconic elements of the AJ3, AJ1 and Alpha Force.', 23),
(1, 'SHOUT-OUT TO THE 312.', 'Celebrate MJ\'s legacy with this shout-out to Chicago\'s 312 area code. With elements from three iconic Jordans (the AJ3, AJ1 and Air Alpha Force), it\'s a modern mash-up that reps the best.', 23),
(1, 'Benefits', 'Design combines iconic elements of the AJ3, AJ1 and Alpha Force.', 24),
(1, 'SHOUT-OUT TO THE 312.', 'Celebrate MJ\'s legacy with this shout-out to Chicago\'s 312 area code. With elements from three iconic Jordans (the AJ3, AJ1 and Air Alpha Force), it\'s a modern mash-up that reps the best.', 24),
(1, 'Benefits', 'Design combines iconic elements of the AJ3, AJ1 and Alpha Force.', 25),
(1, 'SHOUT-OUT TO THE 312.', 'Celebrate MJ\'s legacy with this shout-out to Chicago\'s 312 area code. With elements from three iconic Jordans (the AJ3, AJ1 and Air Alpha Force), it\'s a modern mash-up that reps the best.', 25),
(1, 'Benefits', 'Design combines iconic elements of the AJ3, AJ1 and Alpha Force.', 26),
(1, 'SHOUT-OUT TO THE 312.', 'Celebrate MJ\'s legacy with this shout-out to Chicago\'s 312 area code. With elements from three iconic Jordans (the AJ3, AJ1 and Air Alpha Force), it\'s a modern mash-up that reps the best.', 26),
(1, 'Benefits', 'Design combines iconic elements of the AJ3, AJ1 and Alpha Force.', 27),
(1, 'SHOUT-OUT TO THE 312.', 'Celebrate MJ\'s legacy with this shout-out to Chicago\'s 312 area code. With elements from three iconic Jordans (the AJ3, AJ1 and Air Alpha Force), it\'s a modern mash-up that reps the best.', 27),
(1, 'Air Max 90', 'The \'90s were a turning point in culture—art, music, fashion and sneakers. The Air Max was at the forefront of the movement. With even more exposed Air cushioning and a bold new colour affectionately dubbed as \"Infrared\", its revolutionised design helped ', 28),
(1, 'Benefits', 'The textile upper with leather and synthetic overlays creates a layered look.', 28),
(1, 'Product details', 'Foam midsole', 28),
(1, 'Air Max 90', 'The \'90s were a turning point in culture—art, music, fashion and sneakers. The Air Max was at the forefront of the movement. With even more exposed Air cushioning and a bold new colour affectionately dubbed as \"Infrared\", its revolutionised design helped ', 29),
(1, 'Benefits', 'The textile upper with leather and synthetic overlays creates a layered look.', 29),
(1, 'Product details', 'Foam midsole', 29),
(1, 'Air Max 90', 'The \'90s were a turning point in culture—art, music, fashion and sneakers. The Air Max was at the forefront of the movement. With even more exposed Air cushioning and a bold new colour affectionately dubbed as \"Infrared\", its revolutionised design helped ', 30),
(1, 'Benefits', 'The textile upper with leather and synthetic overlays creates a layered look.', 30),
(1, 'Product details', 'Foam midsole', 30),
(1, 'LEAVE YOUR MARK', 'Go classic with a gum outsole, keep it simple with white or let yourself do good by looking good by selecting Nike Grind.', 31),
(1, 'MORE BENEFITS', 'Upper ages to soft perfection and features a durable construction reminiscent of \'80s b-ball.', 31),
(1, 'PRODUCT DETAILS', 'Our members are one of a kind, and your shoes are too. Each pair is proudly made one at a time, by hand. Good things are worth the wait.', 31),
(1, 'SPEAK YOUR MIND', 'Tell something to the world with a personalised inscription on the heel—up to 10 characters.', 31),
(1, 'WHAT\'S IN YOUR UPPER', 'Throwback hoops look good with twill. And satin. And leather. Decide what looks best to you or mix and match to channel vintage vibes back onto the streets.', 31),
(1, 'Benefits', 'Visible Max Air unit in the heel offers cushioning.', 32),
(1, 'AMPLIFIED TOUCH', 'An expanded NikeSkin touch zone, powered by engineered mesh, brings your foot even closer to the ball for better control while dribbling and passing in wet or dry conditions. The upper is soft and almost knit-like while the contact zone on the inside of t', 33),
(1, 'GLOW YOUR GAME', 'You can colour this boot from the tip of the forefoot all the way to the heel. The traction pattern offers 10 colour choices, or you can opt for chrome, which lets you get a peek at the game-changing technology propelling your steps down the pitch. Fill t', 33),
(1, 'MAKE IT PERSONAL', 'Choose between a digit or woven label message for a personal touch. The woven label message on the heel goes up to 7 characters, perfect for a name or something like a source of team motivation, and comes in 12 different colours. The numbers on the side o', 33),
(1, 'MORE BENEFITS', 'Our Members are one of a kind, and your shoes are too. Each pair is proudly made one at a time, by hand. Good things are worth the wait.', 33),
(1, 'PRODUCT DETAILS', 'For use on slightly wet, short-grass pitches', 33),
(1, 'SECURE FIT AND FEEL', 'The flat knit cuff material provides snugness and shape. Subtle ribs in the cuff allow for ball contact higher up the ankle in trapping and passing. Asymmetric lacing offers a larger touch surface when dribbling, passing and scoring. The asymmetric heel c', 33),
(1, 'TRACTION FOR THE PITCH', 'The Nike Cyclone 360 traction pattern unlocks quick and safe movements, so you can cut with speed and force while feeling fully secure when the game\'s intensity turns up.', 33),
(1, 'UNITE YOUR TEAM', 'Pick between a clear or snakeskin-like print (a Nike By You specific option) on the NikeSkin upper. The slithery selection comes in black, Metallic Gold or Silver. Then, fix on either a solid base or repeating Nike United knit graphic (choose from 5 colou', 33),
(1, 'AMPLIFIED TOUCH', 'An expanded NikeSkin touch zone, powered by engineered mesh, brings your foot even closer to the ball for better control while dribbling and passing in wet or dry conditions. The upper is soft and almost knit-like while the contact zone on the inside of t', 34),
(1, 'GLOW YOUR GAME', 'You can colour this boot from the tip of the forefoot all the way to the heel. The traction pattern offers 10 colour choices, or you can opt for chrome, which lets you get a peek at the game-changing technology propelling your steps down the pitch. Fill t', 34),
(1, 'MAKE IT PERSONAL', 'Choose between a digit or woven label message for a personal touch. The woven label message on the heel goes up to 7 characters, perfect for a name or something like a source of team motivation, and comes in 12 different colours. The numbers on the side o', 34),
(1, 'MORE BENEFITS', 'Our Members are one of a kind, and your shoes are too. Each pair is proudly made one at a time, by hand. Good things are worth the wait.', 34),
(1, 'PRODUCT DETAILS', 'For use on slightly wet, short-grass pitches', 34),
(1, 'SECURE FIT AND FEEL', 'The flat knit cuff material provides snugness and shape. Subtle ribs in the cuff allow for ball contact higher up the ankle in trapping and passing. Asymmetric lacing offers a larger touch surface when dribbling, passing and scoring. The asymmetric heel c', 34),
(1, 'TRACTION FOR THE PITCH', 'The Nike Cyclone 360 traction pattern unlocks quick and safe movements, so you can cut with speed and force while feeling fully secure when the game\'s intensity turns up.', 34),
(1, 'UNITE YOUR TEAM', 'Pick between a clear or snakeskin-like print (a Nike By You specific option) on the NikeSkin upper. The slithery selection comes in black, Metallic Gold or Silver. Then, fix on either a solid base or repeating Nike United knit graphic (choose from 5 colou', 34),
(1, 'AMPLIFIED TOUCH', 'An expanded NikeSkin touch zone, powered by engineered mesh, brings your foot even closer to the ball for better control while dribbling and passing in wet or dry conditions. The upper is soft and almost knit-like while the contact zone on the inside of t', 35),
(1, 'GLOW YOUR GAME', 'You can colour this boot from the tip of the forefoot all the way to the heel. The traction pattern offers 10 colour choices, or you can opt for chrome, which lets you get a peek at the game-changing technology propelling your steps down the pitch. Fill t', 35),
(1, 'MAKE IT PERSONAL', 'Choose between a digit or woven label message for a personal touch. The woven label message on the heel goes up to 7 characters, perfect for a name or something like a source of team motivation, and comes in 12 different colours. The numbers on the side o', 35),
(1, 'MORE BENEFITS', 'Our Members are one of a kind, and your shoes are too. Each pair is proudly made one at a time, by hand. Good things are worth the wait.', 35),
(1, 'PRODUCT DETAILS', 'For use on slightly wet, short-grass pitches', 35),
(1, 'SECURE FIT AND FEEL', 'The flat knit cuff material provides snugness and shape. Subtle ribs in the cuff allow for ball contact higher up the ankle in trapping and passing. Asymmetric lacing offers a larger touch surface when dribbling, passing and scoring. The asymmetric heel c', 35),
(1, 'TRACTION FOR THE PITCH', 'The Nike Cyclone 360 traction pattern unlocks quick and safe movements, so you can cut with speed and force while feeling fully secure when the game\'s intensity turns up.', 35),
(1, 'UNITE YOUR TEAM', 'Pick between a clear or snakeskin-like print (a Nike By You specific option) on the NikeSkin upper. The slithery selection comes in black, Metallic Gold or Silver. Then, fix on either a solid base or repeating Nike United knit graphic (choose from 5 colou', 35),
(1, 'AMPLIFIED TOUCH', 'An expanded NikeSkin touch zone, powered by engineered mesh, brings your foot even closer to the ball for better control while dribbling and passing in wet or dry conditions. The upper is soft and almost knit-like while the contact zone on the inside of t', 36),
(1, 'GLOW YOUR GAME', 'You can colour this boot from the tip of the forefoot all the way to the heel. The traction pattern offers 10 colour choices, or you can opt for chrome, which lets you get a peek at the game-changing technology propelling your steps down the pitch. Fill t', 36),
(1, 'MAKE IT PERSONAL', 'Choose between a digit or woven label message for a personal touch. The woven label message on the heel goes up to 7 characters, perfect for a name or something like a source of team motivation, and comes in 12 different colours. The numbers on the side o', 36),
(1, 'MORE BENEFITS', 'Our Members are one of a kind, and your shoes are too. Each pair is proudly made one at a time, by hand. Good things are worth the wait.', 36),
(1, 'PRODUCT DETAILS', 'For use on slightly wet, short-grass pitches', 36),
(1, 'SECURE FIT AND FEEL', 'The flat knit cuff material provides snugness and shape. Subtle ribs in the cuff allow for ball contact higher up the ankle in trapping and passing. Asymmetric lacing offers a larger touch surface when dribbling, passing and scoring. The asymmetric heel c', 36),
(1, 'TRACTION FOR THE PITCH', 'The Nike Cyclone 360 traction pattern unlocks quick and safe movements, so you can cut with speed and force while feeling fully secure when the game\'s intensity turns up.', 36),
(1, 'UNITE YOUR TEAM', 'Pick between a clear or snakeskin-like print (a Nike By You specific option) on the NikeSkin upper. The slithery selection comes in black, Metallic Gold or Silver. Then, fix on either a solid base or repeating Nike United knit graphic (choose from 5 colou', 36),
(1, 'AMPLIFIED TOUCH', 'An expanded NikeSkin touch zone, powered by engineered mesh, brings your foot even closer to the ball for better control while dribbling and passing in wet or dry conditions. The upper is soft and almost knit-like while the contact zone on the inside of t', 37),
(1, 'GLOW YOUR GAME', 'You can colour this boot from the tip of the forefoot all the way to the heel. The traction pattern offers 10 colour choices, or you can opt for chrome, which lets you get a peek at the game-changing technology propelling your steps down the pitch. Fill t', 37),
(1, 'MAKE IT PERSONAL', 'Choose between a digit or woven label message for a personal touch. The woven label message on the heel goes up to 7 characters, perfect for a name or something like a source of team motivation, and comes in 12 different colours. The numbers on the side o', 37),
(1, 'MORE BENEFITS', 'Our Members are one of a kind, and your shoes are too. Each pair is proudly made one at a time, by hand. Good things are worth the wait.', 37),
(1, 'PRODUCT DETAILS', 'For use on slightly wet, short-grass pitches', 37),
(1, 'SECURE FIT AND FEEL', 'The flat knit cuff material provides snugness and shape. Subtle ribs in the cuff allow for ball contact higher up the ankle in trapping and passing. Asymmetric lacing offers a larger touch surface when dribbling, passing and scoring. The asymmetric heel c', 37),
(1, 'TRACTION FOR THE PITCH', 'The Nike Cyclone 360 traction pattern unlocks quick and safe movements, so you can cut with speed and force while feeling fully secure when the game\'s intensity turns up.', 37),
(1, 'UNITE YOUR TEAM', 'Pick between a clear or snakeskin-like print (a Nike By You specific option) on the NikeSkin upper. The slithery selection comes in black, Metallic Gold or Silver. Then, fix on either a solid base or repeating Nike United knit graphic (choose from 5 colou', 37),
(1, 'AMPLIFIED TOUCH', 'An expanded NikeSkin touch zone, powered by engineered mesh, brings your foot even closer to the ball for better control while dribbling and passing in wet or dry conditions. The upper is soft and almost knit-like while the contact zone on the inside of t', 38),
(1, 'GLOW YOUR GAME', 'You can colour this boot from the tip of the forefoot all the way to the heel. The traction pattern offers 10 colour choices, or you can opt for chrome, which lets you get a peek at the game-changing technology propelling your steps down the pitch. Fill t', 38),
(1, 'MAKE IT PERSONAL', 'Choose between a digit or woven label message for a personal touch. The woven label message on the heel goes up to 7 characters, perfect for a name or something like a source of team motivation, and comes in 12 different colours. The numbers on the side o', 38),
(1, 'MORE BENEFITS', 'Our Members are one of a kind, and your shoes are too. Each pair is proudly made one at a time, by hand. Good things are worth the wait.', 38),
(1, 'PRODUCT DETAILS', 'For use on slightly wet, short-grass pitches', 38),
(1, 'SECURE FIT AND FEEL', 'The flat knit cuff material provides snugness and shape. Subtle ribs in the cuff allow for ball contact higher up the ankle in trapping and passing. Asymmetric lacing offers a larger touch surface when dribbling, passing and scoring. The asymmetric heel c', 38),
(1, 'TRACTION FOR THE PITCH', 'The Nike Cyclone 360 traction pattern unlocks quick and safe movements, so you can cut with speed and force while feeling fully secure when the game\'s intensity turns up.', 38),
(1, 'UNITE YOUR TEAM', 'Pick between a clear or snakeskin-like print (a Nike By You specific option) on the NikeSkin upper. The slithery selection comes in black, Metallic Gold or Silver. Then, fix on either a solid base or repeating Nike United knit graphic (choose from 5 colou', 38),
(1, '\'90S COLOUR-UP', 'Golden Moss, Malachite, University Gold. What else? Pick from an array of colours inspired by \'90s outdoor gear and help colour the world.', 39),
(1, 'MAKE IT PERSONAL', 'What\'s your nickname? Got an adventure partner? Favourite snack? Tell a piece of your story with a personalised message—choose up to 5 characters (numbers 0–9 and letters A–Z) to have embroidered on the heel webbing.', 39),
(1, 'MORE BENEFITS', 'Upper ages to soft perfection and features a durable construction reminiscent of \'80s b-ball.', 39),
(1, 'PRODUCT DETAILS', 'Our Members are one of a kind, and your shoes are, too. Each pair is proudly made one at a time, by hand. Good things are worth the wait.', 39),
(1, 'WHAT\'S YOUR BASE?', 'Choose canvas for that tried-and-tested look or go leather for a classic finish. Either way, begin your journey by selecting a base.', 39),
(1, '\'90S COLOUR-UP', 'Golden Moss, Malachite, University Gold. What else? Pick from an array of colours inspired by \'90s outdoor gear and help colour the world.', 40),
(1, 'MAKE IT PERSONAL', 'What\'s your nickname? Got an adventure partner? Favourite snack? Tell a piece of your story with a personalised message—choose up to 5 characters (numbers 0–9 and letters A–Z) to have embroidered on the heel webbing.', 40),
(1, 'MORE BENEFITS', 'Upper ages to soft perfection and features a durable construction reminiscent of \'80s b-ball.', 40),
(1, 'PRODUCT DETAILS', 'Our Members are one of a kind, and your shoes are, too. Each pair is proudly made one at a time, by hand. Good things are worth the wait.', 40),
(1, 'WHAT\'S YOUR BASE?', 'Choose canvas for that tried-and-tested look or go leather for a classic finish. Either way, begin your journey by selecting a base.', 40),
(1, '\'90S COLOUR-UP', 'Golden Moss, Malachite, University Gold. What else? Pick from an array of colours inspired by \'90s outdoor gear and help colour the world.', 41),
(1, 'MAKE IT PERSONAL', 'What\'s your nickname? Got an adventure partner? Favourite snack? Tell a piece of your story with a personalised message—choose up to 5 characters (numbers 0–9 and letters A–Z) to have embroidered on the heel webbing.', 41),
(1, 'MORE BENEFITS', 'Upper ages to soft perfection and features a durable construction reminiscent of \'80s b-ball.', 41),
(1, 'PRODUCT DETAILS', 'Our Members are one of a kind, and your shoes are, too. Each pair is proudly made one at a time, by hand. Good things are worth the wait.', 41),
(1, 'WHAT\'S YOUR BASE?', 'Choose canvas for that tried-and-tested look or go leather for a classic finish. Either way, begin your journey by selecting a base.', 41),
(1, '\'90S COLOUR-UP', 'Golden Moss, Malachite, University Gold. What else? Pick from an array of colours inspired by \'90s outdoor gear and help colour the world.', 42),
(1, 'MAKE IT PERSONAL', 'What\'s your nickname? Got an adventure partner? Favourite snack? Tell a piece of your story with a personalised message—choose up to 5 characters (numbers 0–9 and letters A–Z) to have embroidered on the heel webbing.', 42),
(1, 'MORE BENEFITS', 'Upper ages to soft perfection and features a durable construction reminiscent of \'80s b-ball.', 42),
(1, 'PRODUCT DETAILS', 'Our Members are one of a kind, and your shoes are, too. Each pair is proudly made one at a time, by hand. Good things are worth the wait.', 42),
(1, 'WHAT\'S YOUR BASE?', 'Choose canvas for that tried-and-tested look or go leather for a classic finish. Either way, begin your journey by selecting a base.', 42),
(1, '\'90S COLOUR-UP', 'Golden Moss, Malachite, University Gold. What else? Pick from an array of colours inspired by \'90s outdoor gear and help colour the world.', 43),
(1, 'MAKE IT PERSONAL', 'What\'s your nickname? Got an adventure partner? Favourite snack? Tell a piece of your story with a personalised message—choose up to 5 characters (numbers 0–9 and letters A–Z) to have embroidered on the heel webbing.', 43),
(1, 'MORE BENEFITS', 'Upper ages to soft perfection and features a durable construction reminiscent of \'80s b-ball.', 43),
(1, 'PRODUCT DETAILS', 'Our Members are one of a kind, and your shoes are, too. Each pair is proudly made one at a time, by hand. Good things are worth the wait.', 43),
(1, 'WHAT\'S YOUR BASE?', 'Choose canvas for that tried-and-tested look or go leather for a classic finish. Either way, begin your journey by selecting a base.', 43),
(1, '\'90S COLOUR-UP', 'Golden Moss, Malachite, University Gold. What else? Pick from an array of colours inspired by \'90s outdoor gear and help colour the world.', 44),
(1, 'MAKE IT PERSONAL', 'What\'s your nickname? Got an adventure partner? Favourite snack? Tell a piece of your story with a personalised message—choose up to 5 characters (numbers 0–9 and letters A–Z) to have embroidered on the heel webbing.', 44),
(1, 'MORE BENEFITS', 'Upper ages to soft perfection and features a durable construction reminiscent of \'80s b-ball.', 44),
(1, 'PRODUCT DETAILS', 'Our Members are one of a kind, and your shoes are, too. Each pair is proudly made one at a time, by hand. Good things are worth the wait.', 44),
(1, 'WHAT\'S YOUR BASE?', 'Choose canvas for that tried-and-tested look or go leather for a classic finish. Either way, begin your journey by selecting a base.', 44),
(1, 'Air Force 1', 'Debuting in 1982 as a basketball must-have, the Air Force 1 came into its own in the \'90s. The clean look of the classic white-on-white AF-1 was endorsed from the basketball courts to the street and beyond. Finding its rhythm in hip-hop culture, releasing', 45),
(1, 'Benefits', 'The durable leather on the upper softens and gains vintage character with wear.', 45),
(1, 'Product Details', 'Foam midsole', 45),
(1, 'Air Max 90', 'The \'90s were a turning point in culture—art, music, fashion and sneakers. The Air Max was at the forefront of the movement. With even more exposed Air cushioning and a bold new colour affectionately dubbed as \"Infrared\", its revolutionised design helped ', 46),
(1, 'Airloom Refreshed', 'Techy details like moulded plastic on the heel and eyestays are paired with real and synthetic leather for a visual clash that adds new depth to a classic silhouette. Floating Swoosh logos, sawtooth edging around the outsole and exposed stitching further ', 46),
(1, 'More benefits', 'Padded, low-top collar looks sleek and feels comfortable.', 46),
(1, 'Product details', 'Pull tabs on heel and tongue', 46),
(1, 'Tried and Tested', 'Originally designed for performance running, Max Air cushioning delivers time-tested comfort.', 46),
(1, 'Benefits', 'Leather upper ages to soft perfection.', 47),
(1, 'Product details', 'Foam midsole', 47),
(1, 'Benefits', 'Leather upper ages to soft perfection.', 48),
(1, 'Product details', 'Foam midsole', 48),
(1, 'Benefits', 'Leather upper ages to soft perfection.', 49),
(1, 'Product details', 'Foam midsole', 49),
(1, 'Benefits', 'Hook-and-loop closure makes on and off easy.', 50),
(1, 'Product details', 'Wings logo stamped on the collar', 50),
(2, 'Benefits', 'Originally designed for performance hoops, the Nike Air cushioning adds lightweight, all-day comfort.', 1),
(2, 'Product Details', 'Perforations on the toe', 1),
(2, 'Benefits', 'Point-loaded cushioning system features a plastic clip that distributes weight to targeted points across the Nike Air unit, delivering an experience full of bounce.', 2),
(2, 'Product details', 'Product details', 2),
(2, 'Benefits', 'Originally designed for performance hoops, the Nike Air cushioning adds lightweight, all-day comfort.', 3),
(2, 'Product Details', 'Perforations on the toe', 3),
(2, 'Benefits', 'Foam midsole offers lightweight, responsive cushioning.', 4),
(2, 'Benefits', 'Tread pattern on outsole adds durability and traction.', 5),
(2, 'Benefits', 'Pull tabs created from cord are a continuation of the shoe body for a streamlined look.', 6),
(2, 'Product Details', 'Colour Shown: Vivid Sulphur/Black/University Red/University Gold', 6),
(2, 'Benefits', 'Pull tabs created from cord are a continuation of the shoe body for a streamlined look.', 7),
(2, 'Product Details', 'Colour Shown: Vivid Sulphur/Black/University Red/University Gold', 7),
(2, 'Benefits', 'Pull tabs created from cord are a continuation of the shoe body for a streamlined look.', 8),
(2, 'Product Details', 'Colour Shown: Vivid Sulphur/Black/University Red/University Gold', 8),
(2, 'More Benefits', 'Pull tab on the tongue provides easy on and off and doubles as a clip-in point, so you can easily attach them to your pack.', 9),
(2, 'More Benefits', 'Pull tab on the tongue provides easy on and off and doubles as a clip-in point, so you can easily attach them to your pack.', 10),
(2, 'More Benefits', 'Pull tab on the tongue provides easy on and off and doubles as a clip-in point, so you can easily attach them to your pack.', 11),
(2, 'Benefits', 'Crag-ready traction inspired by mountain bike tyres is redesigned to help improve durability.', 12),
(2, 'Benefits', 'Crag-ready traction inspired by mountain bike tyres is redesigned to help improve durability.', 13),
(2, 'Benefits', 'Crag-ready traction inspired by mountain bike tyres is redesigned to help improve durability.', 14),
(2, 'Benefits', 'Heel pull assists in getting shoes on little feet.', 15),
(2, 'Product Details', 'Stitched-down Swoosh logo', 15),
(2, 'Benefits', 'Heel pull assists in getting shoes on little feet.', 16),
(2, 'Product Details', 'Stitched-down Swoosh logo', 16),
(2, 'Benefits', 'Heel pull assists in getting shoes on little feet.', 17),
(2, 'Product Details', 'Stitched-down Swoosh logo', 17),
(2, 'Benefits', 'Heel pull assists in getting shoes on little feet.', 18),
(2, 'Product Details', 'Stitched-down Swoosh logo', 18),
(2, 'Benefits', 'A \"Sky Jordan\" logo on the front doubles as a hook-and-loop strap to secure the fit.', 19),
(2, 'Product Details', 'Colour Shown: Black/Gym Red/White', 19),
(2, 'Benefits', 'A \"Sky Jordan\" logo on the front doubles as a hook-and-loop strap to secure the fit.', 20),
(2, 'Product Details', 'Colour Shown: Black/Gym Red/White', 20),
(2, 'Benefits', 'A \"Sky Jordan\" logo on the front doubles as a hook-and-loop strap to secure the fit.', 21),
(2, 'Product Details', 'Colour Shown: Black/Gym Red/White', 21),
(2, 'Benefits', 'The midfoot strap adds bold branding and secures your fit.', 22),
(2, 'Benefits', 'The midfoot strap adds bold branding and secures your fit.', 23),
(2, 'Benefits', 'The midfoot strap adds bold branding and secures your fit.', 24),
(2, 'Benefits', 'The midfoot strap adds bold branding and secures your fit.', 25),
(2, 'Benefits', 'The midfoot strap adds bold branding and secures your fit.', 26),
(2, 'Benefits', 'The midfoot strap adds bold branding and secures your fit.', 27),
(2, 'Benefits', 'Originally designed for performance running, visible Nike Air cushioning puts the history of comfort beneath your feet.', 28),
(2, 'Product details', 'Padded collar', 28),
(2, 'Benefits', 'Originally designed for performance running, visible Nike Air cushioning puts the history of comfort beneath your feet.', 29),
(2, 'Product details', 'Padded collar', 29),
(2, 'Benefits', 'Originally designed for performance running, visible Nike Air cushioning puts the history of comfort beneath your feet.', 30),
(2, 'Product details', 'Padded collar', 30),
(2, 'MORE BENEFITS', 'Foam midsole offers lightweight, responsive cushioning.', 31),
(2, 'PRODUCT DETAILS', 'Your initials? A nickname? Or something else that\'s so-you. Get personal with a customisable inscription on your shoes. Plus, your name is on the box.', 31),
(2, 'Benefits', 'Durable full-length midsole provides stability.', 32),
(2, 'MORE BENEFITS', 'With our 3D builder, watch your creation come alive as you experiment with all kinds of design choices.', 33),
(2, 'PRODUCT DETAILS', 'Cushioned insole', 33),
(2, 'MORE BENEFITS', 'With our 3D builder, watch your creation come alive as you experiment with all kinds of design choices.', 34),
(2, 'PRODUCT DETAILS', 'Cushioned insole', 34),
(2, 'MORE BENEFITS', 'With our 3D builder, watch your creation come alive as you experiment with all kinds of design choices.', 35),
(2, 'PRODUCT DETAILS', 'Cushioned insole', 35),
(2, 'MORE BENEFITS', 'With our 3D builder, watch your creation come alive as you experiment with all kinds of design choices.', 36),
(2, 'PRODUCT DETAILS', 'Cushioned insole', 36),
(2, 'MORE BENEFITS', 'With our 3D builder, watch your creation come alive as you experiment with all kinds of design choices.', 37),
(2, 'PRODUCT DETAILS', 'Cushioned insole', 37),
(2, 'MORE BENEFITS', 'With our 3D builder, watch your creation come alive as you experiment with all kinds of design choices.', 38),
(2, 'PRODUCT DETAILS', 'Cushioned insole', 38),
(2, 'MORE BENEFITS', 'Foam midsole offers lightweight, responsive cushioning.', 39),
(2, 'PRODUCT DETAILS', 'Your initials? A nickname? Or something else that\'s so you. Get personal with a customisable inscription on your shoes. Plus, your name is on the box.', 39),
(2, 'MORE BENEFITS', 'Foam midsole offers lightweight, responsive cushioning.', 40),
(2, 'PRODUCT DETAILS', 'Your initials? A nickname? Or something else that\'s so you. Get personal with a customisable inscription on your shoes. Plus, your name is on the box.', 40),
(2, 'MORE BENEFITS', 'Foam midsole offers lightweight, responsive cushioning.', 41),
(2, 'PRODUCT DETAILS', 'Your initials? A nickname? Or something else that\'s so you. Get personal with a customisable inscription on your shoes. Plus, your name is on the box.', 41),
(2, 'MORE BENEFITS', 'Foam midsole offers lightweight, responsive cushioning.', 42),
(2, 'PRODUCT DETAILS', 'Your initials? A nickname? Or something else that\'s so you. Get personal with a customisable inscription on your shoes. Plus, your name is on the box.', 42),
(2, 'MORE BENEFITS', 'Foam midsole offers lightweight, responsive cushioning.', 43),
(2, 'PRODUCT DETAILS', 'Your initials? A nickname? Or something else that\'s so you. Get personal with a customisable inscription on your shoes. Plus, your name is on the box.', 43),
(2, 'MORE BENEFITS', 'Foam midsole offers lightweight, responsive cushioning.', 44),
(2, 'PRODUCT DETAILS', 'Your initials? A nickname? Or something else that\'s so you. Get personal with a customisable inscription on your shoes. Plus, your name is on the box.', 44),
(2, 'Benefits', 'Originally designed for performance hoops, Nike Air cushioning delivers lasting comfort.', 45),
(2, 'Product Details', 'Perforations on the toe', 45),
(2, 'More benefits', 'Rubber Waffle outsole adds heritage style and durable traction.', 46),
(2, 'Product details', 'Synthetic leather tongue label', 46),
(2, 'Benefits', 'Choose from a variety of varsity-inspired colourways to match every mood and look.', 47),
(2, 'Product details', 'Rubber outsole', 47),
(2, 'Benefits', 'Choose from a variety of varsity-inspired colourways to match every mood and look.', 48),
(2, 'Product details', 'Rubber outsole', 48),
(2, 'Benefits', 'Choose from a variety of varsity-inspired colourways to match every mood and look.', 49),
(2, 'Product details', 'Rubber outsole', 49),
(2, 'Benefits', 'Leather in the upper offers durability and structure.', 50),
(2, 'Product details', 'Stitched-down Swoosh logo', 50),
(3, 'Benefits', 'The low-cut silhouette adds a clean, streamlined look.', 1),
(3, 'Product Details', 'Rubber sole', 1),
(3, 'Benefits', 'Rubber Waffle outsole means durable traction and heritage style.', 2),
(3, 'Product details', 'Product details', 2),
(3, 'Benefits', 'The low-cut silhouette adds a clean, streamlined look.', 3),
(3, 'Product Details', 'Rubber sole', 3),
(3, 'Benefits', 'Rubber outsole with hoops pivot circle adds durable traction and heritage style.', 4),
(3, 'Benefits', 'Bungee with toggle lock on the heel lets you personalise your fit.', 5),
(3, 'Benefits', 'Drop-in midsole creates a sandal-like feel that helps hold your foot in place.', 6),
(3, 'Product Details', 'Style: CZ0931-700', 6),
(3, 'Benefits', 'Drop-in midsole creates a sandal-like feel that helps hold your foot in place.', 7),
(3, 'Product Details', 'Style: CZ0931-700', 7),
(3, 'Benefits', 'Drop-in midsole creates a sandal-like feel that helps hold your foot in place.', 8),
(3, 'Product Details', 'Style: CZ0931-700', 8),
(3, 'More Benefits', 'Colour Shown: Cargo Khaki/Black/Bright Cactus/Moss', 9),
(3, 'More Benefits', 'Colour Shown: Cargo Khaki/Black/Bright Cactus/Moss', 10),
(3, 'More Benefits', 'Colour Shown: Cargo Khaki/Black/Bright Cactus/Moss', 11),
(3, 'Benefits', 'Entry is easy with a semi-gusseted tongue, plus a lace toggle for quick adjustments on the go.', 12),
(3, 'Benefits', 'Entry is easy with a semi-gusseted tongue, plus a lace toggle for quick adjustments on the go.', 13),
(3, 'Benefits', 'Entry is easy with a semi-gusseted tongue, plus a lace toggle for quick adjustments on the go.', 14),
(3, 'Benefits', 'Rubber outsoles give your little one ample traction.', 15),
(3, 'Product Details', 'Jumpman design on the tongue', 15),
(3, 'Benefits', 'Rubber outsoles give your little one ample traction.', 16),
(3, 'Product Details', 'Jumpman design on the tongue', 16),
(3, 'Benefits', 'Rubber outsoles give your little one ample traction.', 17),
(3, 'Product Details', 'Jumpman design on the tongue', 17),
(3, 'Benefits', 'Rubber outsoles give your little one ample traction.', 18),
(3, 'Product Details', 'Jumpman design on the tongue', 18),
(3, 'Benefits', 'The soft foam cushions little feet.', 19),
(3, 'Product Details', 'Style: BQ7197-001', 19),
(3, 'Benefits', 'The soft foam cushions little feet.', 20),
(3, 'Product Details', 'Style: BQ7197-001', 20),
(3, 'Benefits', 'The soft foam cushions little feet.', 21),
(3, 'Product Details', 'Style: BQ7197-001', 21),
(3, 'Benefits', 'Visible Air-Sole unit at the heel enhances cushioning.', 22),
(3, 'Benefits', 'Visible Air-Sole unit at the heel enhances cushioning.', 23),
(3, 'Benefits', 'Visible Air-Sole unit at the heel enhances cushioning.', 24),
(3, 'Benefits', 'Visible Air-Sole unit at the heel enhances cushioning.', 25),
(3, 'Benefits', 'Visible Air-Sole unit at the heel enhances cushioning.', 26),
(3, 'Benefits', 'Visible Air-Sole unit at the heel enhances cushioning.', 27),
(3, 'Benefits', 'Rubber Waffle outsole delivers durable traction and heritage style.', 28),
(3, 'Product details', 'Colour Shown: Black/Anthracite/Mica Green/Honeydew', 28),
(3, 'Benefits', 'Rubber Waffle outsole delivers durable traction and heritage style.', 29),
(3, 'Product details', 'Colour Shown: Black/Anthracite/Mica Green/Honeydew', 29),
(3, 'Benefits', 'Rubber Waffle outsole delivers durable traction and heritage style.', 30),
(3, 'Product details', 'Colour Shown: Black/Anthracite/Mica Green/Honeydew', 30),
(3, 'MORE BENEFITS', 'Rubber outsole with classic hoops pivot circle adds durability, traction and heritage style.', 31),
(3, 'PRODUCT DETAILS', 'With our 3D builder, watch your creation come alive as you experiment with all kinds of design choices.', 31),
(3, 'Benefits', 'Mesh throughout the upper gives you ventilation.', 32),
(3, 'MORE BENEFITS', 'Rubber outsole with classic hoops pivot circle adds durability, traction and heritage style.', 39),
(3, 'PRODUCT DETAILS', 'With our 3D builder, watch your creation come alive as you experiment with all kinds of design choices.', 39),
(3, 'MORE BENEFITS', 'Rubber outsole with classic hoops pivot circle adds durability, traction and heritage style.', 40),
(3, 'PRODUCT DETAILS', 'With our 3D builder, watch your creation come alive as you experiment with all kinds of design choices.', 40),
(3, 'MORE BENEFITS', 'Rubber outsole with classic hoops pivot circle adds durability, traction and heritage style.', 41),
(3, 'PRODUCT DETAILS', 'With our 3D builder, watch your creation come alive as you experiment with all kinds of design choices.', 41),
(3, 'MORE BENEFITS', 'Rubber outsole with classic hoops pivot circle adds durability, traction and heritage style.', 42),
(3, 'PRODUCT DETAILS', 'With our 3D builder, watch your creation come alive as you experiment with all kinds of design choices.', 42),
(3, 'MORE BENEFITS', 'Rubber outsole with classic hoops pivot circle adds durability, traction and heritage style.', 43),
(3, 'PRODUCT DETAILS', 'With our 3D builder, watch your creation come alive as you experiment with all kinds of design choices.', 43),
(3, 'MORE BENEFITS', 'Rubber outsole with classic hoops pivot circle adds durability, traction and heritage style.', 44),
(3, 'PRODUCT DETAILS', 'With our 3D builder, watch your creation come alive as you experiment with all kinds of design choices.', 44),
(3, 'Benefits', 'Padded collar feels soft and comfortable.', 45),
(3, 'Product Details', 'Rubber outsole', 45),
(3, 'More benefits', 'A super-plush midsole brings comfort and a \'90s look.', 46),
(3, 'Product details', 'Colour Shown: Red Stardust/Summit White/Campfire Orange/Rugged Orange', 46),
(3, 'Benefits', 'Exposed foam lets you feel the softness running fully underfoot.', 47),
(3, 'Product details', 'Colour Shown: White/Black/Sail/Polar', 47),
(3, 'Benefits', 'Exposed foam lets you feel the softness running fully underfoot.', 48),
(3, 'Product details', 'Colour Shown: White/Black/Sail/Polar', 48),
(3, 'Benefits', 'Exposed foam lets you feel the softness running fully underfoot.', 49),
(3, 'Product details', 'Colour Shown: White/Black/Sail/Polar', 49),
(3, 'Benefits', 'Rubber in the outsole gives your little one ample traction.', 50),
(3, 'Product details', 'Jumpman design on the tongue', 50),
(4, 'Benefits', 'The padded collar feels soft and comfortable.', 1),
(4, 'Product Details', 'Colour Shown: White/White', 1),
(4, 'Product details', 'Product details', 2),
(4, 'Benefits', 'The padded collar feels soft and comfortable.', 3),
(4, 'Product Details', 'Colour Shown: White/White', 3),
(4, 'Benefits', 'Colour Shown: Deep Jungle/Light Silver/Deep Jungle/White', 4),
(4, 'Benefits', 'Pull tab on the heel doubles as a clip-in point for easy carrying to and from the campsite.', 5),
(4, 'Benefits', 'Sticky rubber outsole adds traction that takes you from rocks to city streets.', 6),
(4, 'Product Details', 'Country/Region of Origin: Vietnam', 6),
(4, 'Benefits', 'Sticky rubber outsole adds traction that takes you from rocks to city streets.', 7),
(4, 'Product Details', 'Country/Region of Origin: Vietnam', 7),
(4, 'Benefits', 'Sticky rubber outsole adds traction that takes you from rocks to city streets.', 8),
(4, 'Product Details', 'Country/Region of Origin: Vietnam', 8),
(4, 'More Benefits', 'Style: DM8019-300', 9),
(4, 'More Benefits', 'Style: DM8019-300', 10),
(4, 'More Benefits', 'Style: DM8019-300', 11),
(4, 'Benefits', 'Colour Shown: Neutral Olive/Action Grape/Light Orewood Brown/Gridiron', 12),
(4, 'Benefits', 'Colour Shown: Neutral Olive/Action Grape/Light Orewood Brown/Gridiron', 13),
(4, 'Benefits', 'Colour Shown: Neutral Olive/Action Grape/Light Orewood Brown/Gridiron', 14),
(4, 'Product Details', 'Colour Shown: Black/University Blue/White/Black', 15),
(4, 'Product Details', 'Colour Shown: Black/University Blue/White/Black', 16),
(4, 'Product Details', 'Colour Shown: Black/University Blue/White/Black', 17),
(4, 'Product Details', 'Colour Shown: Black/University Blue/White/Black', 18),
(4, 'Benefits', 'A rubber sole provides durable traction.', 19),
(4, 'Product Details', 'Country/Region of Origin: Indonesia,China', 19),
(4, 'Benefits', 'A rubber sole provides durable traction.', 20),
(4, 'Product Details', 'Country/Region of Origin: Indonesia,China', 20),
(4, 'Benefits', 'A rubber sole provides durable traction.', 21),
(4, 'Product Details', 'Country/Region of Origin: Indonesia,China', 21),
(4, 'Benefits', 'Colour Shown: White/Gym Red/Black', 22),
(4, 'Benefits', 'Colour Shown: White/Gym Red/Black', 23),
(4, 'Benefits', 'Colour Shown: White/Gym Red/Black', 24),
(4, 'Benefits', 'Colour Shown: White/Gym Red/Black', 25),
(4, 'Benefits', 'Colour Shown: White/Gym Red/Black', 26),
(4, 'Benefits', 'Colour Shown: White/Gym Red/Black', 27),
(4, 'Product details', 'Style: FD5810-001', 28),
(4, 'Product details', 'Style: FD5810-001', 29),
(4, 'Product details', 'Style: FD5810-001', 30),
(4, 'Benefits', 'Solid rubber outsole for long-lasting durability.', 32),
(4, 'MORE BENEFITS', 'Leather tongue label puts the cherry on top.', 39),
(4, 'MORE BENEFITS', 'Leather tongue label puts the cherry on top.', 40),
(4, 'MORE BENEFITS', 'Leather tongue label puts the cherry on top.', 41),
(4, 'MORE BENEFITS', 'Leather tongue label puts the cherry on top.', 42),
(4, 'MORE BENEFITS', 'Leather tongue label puts the cherry on top.', 43),
(4, 'MORE BENEFITS', 'Leather tongue label puts the cherry on top.', 44),
(4, 'Benefits', 'Rubber outsole with heritage pivot circles adds traction and durability.', 45),
(4, 'Product Details', 'Colour Shown: White/University Red/Wolf Grey/Obsidian', 45),
(4, 'Product details', 'Style: FQ8881-618', 46),
(4, 'Product details', 'Style: FB1362-100', 47),
(4, 'Product details', 'Style: FB1362-100', 48),
(4, 'Product details', 'Style: FB1362-100', 49),
(4, 'Benefits', 'Heel pull helps with getting shoes on and off little feet.', 50),
(4, 'Product details', 'Colour Shown: White/Black/Gym Red', 50),
(5, 'Product Details', 'Style: CW2288-111', 1),
(5, 'Product details', 'Product details', 2),
(5, 'Product Details', 'Style: CW2288-111', 3),
(5, 'Benefits', 'Style: FB8896-300', 4),
(5, 'Benefits', 'Colour Shown: Moss/Moss/Light Orewood Brown/Black', 5),
(5, 'More Benefits', 'Country/Region of Origin: China', 9),
(5, 'More Benefits', 'Country/Region of Origin: China', 10),
(5, 'More Benefits', 'Country/Region of Origin: China', 11),
(5, 'Benefits', 'Style: DV7903-200', 12),
(5, 'Benefits', 'Style: DV7903-200', 13),
(5, 'Benefits', 'Style: DV7903-200', 14),
(5, 'Product Details', 'Style: DR9748-041', 15),
(5, 'Product Details', 'Style: DR9748-041', 16),
(5, 'Product Details', 'Style: DR9748-041', 17),
(5, 'Product Details', 'Style: DR9748-041', 18),
(5, 'Benefits', 'Style: CD7069-116', 22),
(5, 'Benefits', 'Style: CD7069-116', 23),
(5, 'Benefits', 'Style: CD7069-116', 24),
(5, 'Benefits', 'Style: CD7069-116', 25);
INSERT INTO `product_description` (`id`, `title`, `content`, `product_id`) VALUES
(5, 'Benefits', 'Style: CD7069-116', 26),
(5, 'Benefits', 'Style: CD7069-116', 27),
(5, 'Product details', 'Country/Region of Origin: Vietnam', 28),
(5, 'Product details', 'Country/Region of Origin: Vietnam', 29),
(5, 'Product details', 'Country/Region of Origin: Vietnam', 30),
(5, 'Benefits', 'Upper features real and synthetic leather for durability and comfort.', 32),
(5, 'Product Details', 'Style: FJ0710-100', 45),
(5, 'Product details', 'Country/Region of Origin: Vietnam', 46),
(5, 'Product details', 'Country/Region of Origin: Vietnam', 47),
(5, 'Product details', 'Country/Region of Origin: Vietnam', 48),
(5, 'Product details', 'Country/Region of Origin: Vietnam', 49),
(5, 'Product details', 'Style: DR9745-106', 50),
(6, 'Product Details', 'Country/Region of Origin: Vietnam,India', 1),
(6, 'Product details', 'Product details', 2),
(6, 'Product Details', 'Country/Region of Origin: Vietnam,India', 3),
(6, 'Benefits', 'Country/Region of Origin: Vietnam', 4),
(6, 'Benefits', 'Style: DZ3407-300', 5),
(6, 'Benefits', 'Country/Region of Origin: China', 12),
(6, 'Benefits', 'Country/Region of Origin: China', 13),
(6, 'Benefits', 'Country/Region of Origin: China', 14),
(6, 'Product Details', 'Country/Region of Origin: Indonesia', 15),
(6, 'Product Details', 'Country/Region of Origin: Indonesia', 16),
(6, 'Product Details', 'Country/Region of Origin: Indonesia', 17),
(6, 'Product Details', 'Country/Region of Origin: Indonesia', 18),
(6, 'Benefits', 'Country/Region of Origin: China', 22),
(6, 'Benefits', 'Country/Region of Origin: China', 23),
(6, 'Benefits', 'Country/Region of Origin: China', 24),
(6, 'Benefits', 'Country/Region of Origin: China', 25),
(6, 'Benefits', 'Country/Region of Origin: China', 26),
(6, 'Benefits', 'Country/Region of Origin: China', 27),
(6, 'Benefits', 'Colour Shown: White/Black/University Red', 32),
(6, 'Product Details', 'Country/Region of Origin: Vietnam', 45),
(6, 'Product details', 'Country/Region of Origin: Indonesia', 50),
(7, 'Product details', 'Product details', 2),
(7, 'Benefits', 'Country/Region of Origin: Vietnam', 5),
(7, 'Benefits', 'Style: BV1171-100', 32),
(8, 'Benefits', 'Country/Region of Origin: China', 32);

-- --------------------------------------------------------

--
-- Cấu trúc bảng cho bảng `product_image`
--

CREATE TABLE `product_image` (
  `id` bigint(20) NOT NULL,
  `path` varchar(255) DEFAULT NULL,
  `product_id` bigint(20) NOT NULL
) ENGINE=InnoDB DEFAULT CHARSET=utf8mb4 COLLATE=utf8mb4_general_ci;

--
-- Đang đổ dữ liệu cho bảng `product_image`
--

INSERT INTO `product_image` (`id`, `path`, `product_id`) VALUES
(1, '1.jpg', 1),
(1, '1.jpg', 2),
(1, '1.jpg', 3),
(1, '1.jpg', 4),
(1, '1.jpg', 5),
(1, '1.jpg', 6),
(1, '1.jpg', 7),
(1, '1.jpg', 8),
(1, '1.jpg', 9),
(1, '1.jpg', 10),
(1, '1.jpg', 11),
(1, '1.jpg', 12),
(1, '1.jpg', 13),
(1, '1.jpg', 14),
(1, '1.jpg', 15),
(1, '1.jpg', 16),
(1, '1.jpg', 17),
(1, '1.jpg', 18),
(1, '1.jpg', 19),
(1, '1.jpg', 20),
(1, '1.jpg', 21),
(1, '1.jpg', 22),
(1, '1.jpg', 23),
(1, '1.jpg', 24),
(1, '1.jpg', 25),
(1, '1.jpg', 26),
(1, '1.jpg', 27),
(1, '1.jpg', 28),
(1, '1.jpg', 29),
(1, '1.jpg', 30),
(1, '1.jpg', 31),
(1, '1.jpg', 32),
(1, '1.jpg', 33),
(1, '1.jpg', 34),
(1, '1.jpg', 35),
(1, '1.jpg', 36),
(1, '1.jpg', 37),
(1, '1.jpg', 38),
(1, '1.jpg', 39),
(1, '1.jpg', 40),
(1, '1.jpg', 41),
(1, '1.jpg', 42),
(1, '1.jpg', 43),
(1, '1.jpg', 44),
(1, '1.jpg', 45),
(1, '1.jpg', 46),
(1, '1.jpg', 47),
(1, '1.jpg', 48),
(1, '1.jpg', 49),
(1, '1.jpg', 50),
(2, '2.jpg', 1),
(2, '2.jpg', 2),
(2, '2.jpg', 3),
(2, '2.jpg', 4),
(2, '2.jpg', 5),
(2, '2.jpg', 6),
(2, '2.jpg', 7),
(2, '2.jpg', 8),
(2, '2.jpg', 9),
(2, '2.jpg', 10),
(2, '2.jpg', 11),
(2, '2.jpg', 12),
(2, '2.jpg', 13),
(2, '2.jpg', 14),
(2, '2.jpg', 15),
(2, '2.jpg', 16),
(2, '2.jpg', 17),
(2, '2.jpg', 18),
(2, '2.jpg', 19),
(2, '2.jpg', 20),
(2, '2.jpg', 21),
(2, '2.jpg', 22),
(2, '2.jpg', 23),
(2, '2.jpg', 24),
(2, '2.jpg', 25),
(2, '2.jpg', 26),
(2, '2.jpg', 27),
(2, '2.jpg', 28),
(2, '2.jpg', 29),
(2, '2.jpg', 30),
(2, '2.jpg', 31),
(2, '2.jpg', 32),
(2, '2.jpg', 33),
(2, '2.jpg', 34),
(2, '2.jpg', 35),
(2, '2.jpg', 36),
(2, '2.jpg', 37),
(2, '2.jpg', 38),
(2, '2.jpg', 39),
(2, '2.jpg', 40),
(2, '2.jpg', 41),
(2, '2.jpg', 42),
(2, '2.jpg', 43),
(2, '2.jpg', 44),
(2, '2.jpg', 45),
(2, '2.jpg', 46),
(2, '2.jpg', 47),
(2, '2.jpg', 48),
(2, '2.jpg', 49),
(2, '2.jpg', 50),
(3, '3.jpg', 1),
(3, '3.jpg', 2),
(3, '3.jpg', 3),
(3, '3.jpg', 4),
(3, '3.jpg', 5),
(3, '3.jpg', 6),
(3, '3.jpg', 7),
(3, '3.jpg', 8),
(3, '3.jpg', 9),
(3, '3.jpg', 10),
(3, '3.jpg', 11),
(3, '3.jpg', 12),
(3, '3.jpg', 13),
(3, '3.jpg', 14),
(3, '3.jpg', 15),
(3, '3.jpg', 16),
(3, '3.jpg', 17),
(3, '3.jpg', 18),
(3, '3.jpg', 19),
(3, '3.jpg', 20),
(3, '3.jpg', 21),
(3, '3.jpg', 22),
(3, '3.jpg', 23),
(3, '3.jpg', 24),
(3, '3.jpg', 25),
(3, '3.jpg', 26),
(3, '3.jpg', 27),
(3, '3.jpg', 28),
(3, '3.jpg', 29),
(3, '3.jpg', 30),
(3, '3.jpg', 31),
(3, '3.jpg', 32),
(3, '3.jpg', 33),
(3, '3.jpg', 34),
(3, '3.jpg', 35),
(3, '3.jpg', 36),
(3, '3.jpg', 37),
(3, '3.jpg', 38),
(3, '3.jpg', 39),
(3, '3.jpg', 40),
(3, '3.jpg', 41),
(3, '3.jpg', 42),
(3, '3.jpg', 43),
(3, '3.jpg', 44),
(3, '3.jpg', 45),
(3, '3.jpg', 46),
(3, '3.jpg', 47),
(3, '3.jpg', 48),
(3, '3.jpg', 49),
(3, '3.jpg', 50),
(4, '4.jpg', 1),
(4, '4.jpg', 2),
(4, '4.jpg', 3),
(4, '4.jpg', 4),
(4, '4.jpg', 5),
(4, '4.jpg', 6),
(4, '4.jpg', 7),
(4, '4.jpg', 8),
(4, '4.jpg', 9),
(4, '4.jpg', 10),
(4, '4.jpg', 11),
(4, '4.jpg', 12),
(4, '4.jpg', 13),
(4, '4.jpg', 14),
(4, '4.jpg', 15),
(4, '4.jpg', 16),
(4, '4.jpg', 17),
(4, '4.jpg', 18),
(4, '4.jpg', 19),
(4, '4.jpg', 20),
(4, '4.jpg', 21),
(4, '4.jpg', 22),
(4, '4.jpg', 23),
(4, '4.jpg', 24),
(4, '4.jpg', 25),
(4, '4.jpg', 26),
(4, '4.jpg', 27),
(4, '4.jpg', 28),
(4, '4.jpg', 29),
(4, '4.jpg', 30),
(4, '4.jpg', 31),
(4, '4.jpg', 32),
(4, '4.jpg', 33),
(4, '4.jpg', 34),
(4, '4.jpg', 35),
(4, '4.jpg', 36),
(4, '4.jpg', 37),
(4, '4.jpg', 38),
(4, '4.jpg', 39),
(4, '4.jpg', 40),
(4, '4.jpg', 41),
(4, '4.jpg', 42),
(4, '4.jpg', 43),
(4, '4.jpg', 44),
(4, '4.jpg', 45),
(4, '4.jpg', 46),
(4, '4.jpg', 47),
(4, '4.jpg', 48),
(4, '4.jpg', 49),
(4, '4.jpg', 50),
(5, '5.jpg', 1),
(5, '5.jpg', 2),
(5, '5.jpg', 3),
(5, '5.jpg', 4),
(5, '5.jpg', 5),
(5, '5.jpg', 6),
(5, '5.jpg', 7),
(5, '5.jpg', 8),
(5, '5.jpg', 9),
(5, '5.jpg', 10),
(5, '5.jpg', 11),
(5, '5.jpg', 12),
(5, '5.jpg', 13),
(5, '5.jpg', 14),
(5, '5.jpg', 15),
(5, '5.jpg', 16),
(5, '5.jpg', 17),
(5, '5.jpg', 18),
(5, '5.jpg', 19),
(5, '5.jpg', 20),
(5, '5.jpg', 21),
(5, '5.jpg', 22),
(5, '5.jpg', 23),
(5, '5.jpg', 24),
(5, '5.jpg', 25),
(5, '5.jpg', 26),
(5, '5.jpg', 27),
(5, '5.jpg', 28),
(5, '5.jpg', 29),
(5, '5.jpg', 30),
(5, '5.jpg', 31),
(5, '5.jpg', 32),
(5, '5.jpg', 33),
(5, '5.jpg', 34),
(5, '5.jpg', 35),
(5, '5.jpg', 36),
(5, '5.jpg', 37),
(5, '5.jpg', 38),
(5, '5.jpg', 39),
(5, '5.jpg', 40),
(5, '5.jpg', 41),
(5, '5.jpg', 42),
(5, '5.jpg', 43),
(5, '5.jpg', 44),
(5, '5.jpg', 45),
(5, '5.jpg', 46),
(5, '5.jpg', 47),
(5, '5.jpg', 48),
(5, '5.jpg', 49),
(5, '5.jpg', 50),
(6, '6.jpg', 1),
(6, '6.jpg', 2),
(6, '6.jpg', 3),
(6, '6.jpg', 4),
(6, '6.jpg', 5),
(6, '6.jpg', 6),
(6, '6.jpg', 7),
(6, '6.jpg', 8),
(6, '6.jpg', 9),
(6, '6.jpg', 10),
(6, '6.jpg', 11),
(6, '6.jpg', 12),
(6, '6.jpg', 13),
(6, '6.jpg', 14),
(6, '6.jpg', 15),
(6, '6.jpg', 16),
(6, '6.jpg', 17),
(6, '6.jpg', 18),
(6, '6.jpg', 19),
(6, '6.jpg', 20),
(6, '6.jpg', 22),
(6, '6.jpg', 23),
(6, '6.jpg', 24),
(6, '6.jpg', 25),
(6, '6.jpg', 26),
(6, '6.jpg', 27),
(6, '6.jpg', 28),
(6, '6.jpg', 29),
(6, '6.jpg', 30),
(6, '6.jpg', 31),
(6, '6.jpg', 32),
(6, '6.jpg', 33),
(6, '6.jpg', 34),
(6, '6.jpg', 35),
(6, '6.jpg', 36),
(6, '6.jpg', 37),
(6, '6.jpg', 38),
(6, '6.jpg', 39),
(6, '6.jpg', 40),
(6, '6.jpg', 41),
(6, '6.jpg', 42),
(6, '6.jpg', 43),
(6, '6.jpg', 44),
(6, '6.jpg', 45),
(6, '6.jpg', 46),
(6, '6.jpg', 47),
(6, '6.jpg', 48),
(6, '6.jpg', 49),
(6, '6.jpg', 50),
(7, '7.jpg', 1),
(7, '7.jpg', 2),
(7, '7.jpg', 3),
(7, '7.jpg', 4),
(7, '7.jpg', 5),
(7, '7.jpg', 6),
(7, '7.jpg', 7),
(7, '7.jpg', 8),
(7, '7.jpg', 9),
(7, '7.jpg', 10),
(7, '7.jpg', 11),
(7, '7.jpg', 12),
(7, '7.jpg', 13),
(7, '7.jpg', 14),
(7, '7.jpg', 15),
(7, '7.jpg', 16),
(7, '7.jpg', 17),
(7, '7.jpg', 18),
(7, '7.jpg', 19),
(7, '7.jpg', 20),
(7, '7.jpg', 24),
(7, '7.jpg', 25),
(7, '7.jpg', 26),
(7, '7.jpg', 27),
(7, '7.jpg', 28),
(7, '7.jpg', 29),
(7, '7.jpg', 30),
(7, '7.jpg', 45),
(7, '7.jpg', 46),
(7, '7.jpg', 47),
(7, '7.jpg', 48),
(7, '7.jpg', 49),
(7, '7.jpg', 50),
(8, '8.jpg', 1),
(8, '8.jpg', 2),
(8, '8.jpg', 3),
(8, '8.jpg', 4),
(8, '8.jpg', 5),
(8, '8.jpg', 6),
(8, '8.jpg', 7),
(8, '8.jpg', 8),
(8, '8.jpg', 9),
(8, '8.jpg', 10),
(8, '8.jpg', 11),
(8, '8.jpg', 12),
(8, '8.jpg', 13),
(8, '8.jpg', 14),
(8, '8.jpg', 15),
(8, '8.jpg', 16),
(8, '8.jpg', 17),
(8, '8.jpg', 18),
(8, '8.jpg', 19),
(8, '8.jpg', 20),
(8, '8.jpg', 24),
(8, '8.jpg', 25),
(8, '8.jpg', 26),
(8, '8.jpg', 27),
(8, '8.jpg', 28),
(8, '8.jpg', 29),
(8, '8.jpg', 30),
(8, '8.jpg', 45),
(8, '8.jpg', 46),
(8, '8.jpg', 47),
(8, '8.jpg', 48),
(8, '8.jpg', 49),
(8, '8.jpg', 50);

-- --------------------------------------------------------

--
-- Cấu trúc bảng cho bảng `product_size`
--

CREATE TABLE `product_size` (
  `size_id` float NOT NULL,
  `quantity` bigint(20) DEFAULT NULL,
  `product_id` bigint(20) NOT NULL
) ENGINE=InnoDB DEFAULT CHARSET=utf8mb4 COLLATE=utf8mb4_general_ci;

--
-- Đang đổ dữ liệu cho bảng `product_size`
--

INSERT INTO `product_size` (`size_id`, `quantity`, `product_id`) VALUES
(38.5, 100, 1),
(38.5, 50, 2),
(38.5, 50, 3),
(38.5, 50, 5),
(38.5, 50, 6),
(38.5, 50, 7),
(38.5, 50, 8),
(38.5, 50, 9),
(38.5, 50, 10),
(38.5, 50, 11),
(38.5, 50, 12),
(38.5, 50, 13),
(38.5, 50, 14),
(38.5, 50, 15),
(38.5, 50, 16),
(38.5, 50, 17),
(38.5, 50, 18),
(38.5, 50, 19),
(38.5, 50, 20),
(38.5, 50, 21),
(38.5, 50, 22),
(38.5, 50, 23),
(38.5, 50, 24),
(38.5, 50, 25),
(38.5, 50, 26),
(38.5, 50, 27),
(38.5, 50, 28),
(38.5, 50, 29),
(38.5, 50, 30),
(38.5, 50, 31),
(38.5, 50, 32),
(38.5, 50, 33),
(38.5, 50, 34),
(38.5, 50, 35),
(38.5, 50, 36),
(38.5, 50, 37),
(38.5, 50, 38),
(38.5, 50, 39),
(38.5, 50, 40),
(38.5, 50, 41),
(38.5, 50, 42),
(38.5, 50, 43),
(38.5, 50, 44),
(38.5, 50, 45),
(38.5, 50, 46),
(38.5, 50, 47),
(38.5, 50, 48),
(38.5, 50, 49),
(38.5, 50, 50),
(39, 100, 1),
(39, 60, 3),
(40, 100, 1),
(40, 30, 2),
(40, 70, 3),
(40, 50, 4),
(40, 60, 5),
(40, 60, 6),
(40, 60, 7),
(40, 60, 8),
(40, 60, 9),
(40, 60, 10),
(40, 60, 11),
(40, 60, 12),
(40, 60, 13),
(40, 60, 14),
(40, 60, 15),
(40, 60, 16),
(40, 60, 17),
(40, 60, 18),
(40, 60, 19),
(40, 60, 20),
(40, 60, 21),
(40, 60, 22),
(40, 60, 23),
(40, 60, 24),
(40, 60, 25),
(40, 60, 26),
(40, 60, 27),
(40, 60, 28),
(40, 60, 29),
(40, 60, 30),
(40, 60, 31),
(40, 60, 32),
(40, 60, 33),
(40, 60, 34),
(40, 60, 35),
(40, 60, 36),
(40, 60, 37),
(40, 60, 38),
(40, 60, 39),
(40, 60, 40),
(40, 60, 41),
(40, 60, 42),
(40, 60, 43),
(40, 60, 44),
(40, 60, 45),
(40, 60, 46),
(40, 60, 47),
(40, 60, 48),
(40, 60, 49),
(40, 60, 50),
(40.5, 100, 1),
(40.5, 45, 2),
(40.5, 80, 3),
(40.5, 60, 4),
(41, 100, 1),
(41, 60, 2),
(41, 90, 3),
(41, 70, 4),
(41, 70, 5),
(41, 0, 6),
(41, 70, 7),
(41, 0, 8),
(41, 70, 9),
(41, 0, 10),
(41, 0, 11),
(41, 70, 12),
(41, 0, 13),
(41, 0, 14),
(41, 70, 15),
(41, 0, 16),
(41, 0, 17),
(41, 0, 18),
(41, 70, 19),
(41, 0, 20),
(41, 0, 21),
(41, 70, 22),
(41, 0, 23),
(41, 0, 24),
(41, 0, 25),
(41, 70, 26),
(41, 0, 27),
(41, 70, 28),
(41, 0, 29),
(41, 0, 30),
(41, 70, 31),
(41, 70, 32),
(41, 70, 33),
(41, 70, 34),
(41, 70, 35),
(41, 70, 36),
(41, 70, 37),
(41, 70, 38),
(41, 70, 39),
(41, 70, 40),
(41, 70, 41),
(41, 70, 42),
(41, 70, 43),
(41, 70, 44),
(41, 70, 45),
(41, 70, 46),
(41, 70, 47),
(41, 70, 48),
(41, 70, 49),
(41, 70, 50),
(42, 0, 1),
(42, 70, 2),
(42, 100, 3),
(42, 80, 4),
(42, 90, 5),
(42, 0, 6),
(42, 90, 7),
(42, 0, 8),
(42, 90, 9),
(42, 0, 10),
(42, 0, 11),
(42, 90, 12),
(42, 0, 13),
(42, 0, 14),
(42, 90, 15),
(42, 0, 16),
(42, 0, 17),
(42, 0, 18),
(42, 90, 19),
(42, 0, 20),
(42, 0, 21),
(42, 90, 22),
(42, 0, 23),
(42, 0, 24),
(42, 0, 25),
(42, 90, 26),
(42, 0, 27),
(42, 90, 28),
(42, 0, 29),
(42, 0, 30),
(42, 90, 31),
(42, 90, 32),
(42, 90, 33),
(42, 90, 34),
(42, 90, 35),
(42, 90, 36),
(42, 90, 37),
(42, 90, 38),
(42, 90, 39),
(42, 90, 40),
(42, 90, 41),
(42, 90, 42),
(42, 90, 43),
(42, 90, 44),
(42, 90, 45),
(42, 90, 46),
(42, 90, 47),
(42, 90, 48),
(42, 90, 49),
(42, 90, 50),
(42.5, 100, 1),
(42.5, 55, 2),
(42.5, 110, 3),
(42.5, 90, 4),
(42.5, 80, 5),
(42.5, 0, 6),
(42.5, 80, 7),
(42.5, 0, 8),
(42.5, 80, 9),
(42.5, 0, 10),
(42.5, 0, 11),
(42.5, 80, 12),
(42.5, 0, 13),
(42.5, 0, 14),
(42.5, 80, 15),
(42.5, 0, 16),
(42.5, 0, 17),
(42.5, 0, 18),
(42.5, 80, 19),
(42.5, 0, 20),
(42.5, 0, 21),
(42.5, 80, 22),
(42.5, 0, 23),
(42.5, 0, 24),
(42.5, 0, 25),
(42.5, 80, 26),
(42.5, 0, 27),
(42.5, 80, 28),
(42.5, 0, 29),
(42.5, 0, 30),
(42.5, 80, 31),
(42.5, 80, 32),
(42.5, 80, 33),
(42.5, 80, 34),
(42.5, 80, 35),
(42.5, 80, 36),
(42.5, 80, 37),
(42.5, 80, 38),
(42.5, 80, 39),
(42.5, 80, 40),
(42.5, 80, 41),
(42.5, 80, 42),
(42.5, 80, 43),
(42.5, 80, 44),
(42.5, 80, 45),
(42.5, 80, 46),
(42.5, 80, 47),
(42.5, 80, 48),
(42.5, 80, 49),
(42.5, 80, 50),
(43, 100, 1),
(43, 80, 2),
(43, 120, 3),
(43, 100, 4),
(44, 0, 1),
(44, 90, 2),
(44, 130, 3),
(44, 110, 4),
(44.5, 100, 1),
(44.5, 75, 2),
(44.5, 140, 3),
(44.5, 120, 4),
(45, 100, 1),
(45, 100, 2),
(45, 150, 3),
(45, 130, 4),
(45, 100, 5),
(45, 0, 6),
(45, 100, 7),
(45, 0, 8),
(45, 100, 9),
(45, 0, 10),
(45, 0, 11),
(45, 130, 12),
(45, 0, 13),
(45, 0, 14),
(45, 130, 15),
(45, 0, 16),
(45, 0, 17),
(45, 0, 18),
(45, 130, 19),
(45, 0, 20),
(45, 0, 21),
(45, 130, 22),
(45, 0, 23),
(45, 0, 24),
(45, 0, 25),
(45, 130, 26),
(45, 0, 27),
(45, 130, 28),
(45, 0, 29),
(45, 0, 30),
(45, 130, 31),
(45, 130, 32),
(45, 130, 33),
(45, 130, 34),
(45, 130, 35),
(45, 130, 36),
(45, 130, 37),
(45, 130, 38),
(45, 130, 39),
(45, 130, 40),
(45, 130, 41),
(45, 130, 42),
(45, 130, 43),
(45, 130, 44),
(45, 130, 45),
(45, 130, 46),
(45, 130, 47),
(45, 130, 48),
(45, 130, 49),
(45, 130, 50),
(45.5, 100, 1),
(45.5, 85, 2),
(45.5, 160, 3),
(45.5, 140, 4),
(46, 100, 1),
(46, 110, 2),
(46, 170, 3),
(46, 150, 4),
(46, 110, 5),
(46, 0, 6),
(46, 110, 7),
(46, 0, 8),
(46, 110, 9),
(46, 0, 10),
(46, 0, 11),
(46, 113, 12),
(46, 0, 13),
(46, 0, 14),
(46, 113, 15),
(46, 0, 16),
(46, 0, 17),
(46, 0, 18),
(46, 113, 19),
(46, 0, 20),
(46, 0, 21),
(46, 113, 22),
(46, 0, 23),
(46, 0, 24),
(46, 0, 25),
(46, 113, 26),
(46, 0, 27),
(46, 113, 28),
(46, 0, 29),
(46, 0, 30),
(46, 113, 31),
(46, 113, 32),
(46, 113, 33),
(46, 113, 34),
(46, 113, 35),
(46, 113, 36),
(46, 113, 37),
(46, 113, 38),
(46, 113, 39),
(46, 113, 40),
(46, 113, 41),
(46, 113, 42),
(46, 113, 43),
(46, 113, 44),
(46, 113, 45),
(46, 113, 46),
(46, 113, 47),
(46, 113, 48),
(46, 113, 49),
(46, 113, 50),
(47, 0, 1),
(47, 120, 2),
(47, 180, 3),
(47, 160, 4),
(47, 120, 5),
(47, 120, 6),
(47, 120, 7),
(47, 120, 8),
(47, 120, 9),
(47, 120, 10),
(47, 120, 11),
(47, 120, 12),
(47, 120, 13),
(47, 120, 14),
(47, 120, 15),
(47, 120, 16),
(47, 120, 17),
(47, 120, 18),
(47, 120, 19),
(47, 120, 20),
(47, 120, 21),
(47, 120, 22),
(47, 120, 23),
(47, 120, 24),
(47, 120, 25),
(47, 120, 26),
(47, 120, 27),
(47, 120, 28),
(47, 120, 29),
(47, 120, 31),
(47, 120, 32),
(47, 120, 33),
(47, 120, 34),
(47, 120, 35),
(47, 120, 36),
(47, 120, 37),
(47, 120, 38),
(47, 120, 39),
(47, 120, 40),
(47, 120, 41),
(47, 120, 42),
(47, 120, 43),
(47, 120, 44),
(47, 120, 45),
(47, 120, 46),
(47, 120, 47),
(47, 120, 48),
(47, 120, 49),
(47, 120, 50),
(47.5, 100, 1),
(47.5, 105, 2),
(47.5, 190, 3),
(47.5, 170, 4),
(48.5, 100, 1),
(48.5, 200, 3),
(49.5, 100, 1),
(49.5, 210, 3),
(51.5, 100, 1),
(52.5, 100, 1);

-- --------------------------------------------------------

--
-- Cấu trúc bảng cho bảng `user`
--

CREATE TABLE `user` (
  `user_id` bigint(20) NOT NULL,
  `address` varchar(255) DEFAULT NULL,
  `bag` varchar(255) DEFAULT NULL,
  `email` varchar(255) DEFAULT NULL,
  `favourite` varchar(255) DEFAULT NULL,
  `image` varchar(255) DEFAULT NULL,
  `name` varchar(255) DEFAULT NULL,
  `status` bit(1) DEFAULT NULL
) ENGINE=InnoDB DEFAULT CHARSET=utf8mb4 COLLATE=utf8mb4_general_ci;

--
-- Đang đổ dữ liệu cho bảng `user`
--

INSERT INTO `user` (`user_id`, `address`, `bag`, `email`, `favourite`, `image`, `name`, `status`) VALUES
(1, '1/6 Nguyễn Văn Nghi,P4,Quận Gò Vập, TP HCM', '1,2', 'sonpham28052002@gmail.com', NULL, NULL, 'Phạm Thanh Sơn', b'1');

--
-- Chỉ mục cho các bảng đã đổ
--

--
-- Chỉ mục cho bảng `feel_back`
--
ALTER TABLE `feel_back`
  ADD PRIMARY KEY (`id`,`product_id`,`user_id`),
  ADD KEY `FKimycm8vwjln92mlrl12ugkp7x` (`user_id`),
  ADD KEY `FKg1e4fbda3w9ydfbmfbcb0utr7` (`product_id`);

--
-- Chỉ mục cho bảng `orders`
--
ALTER TABLE `orders`
  ADD PRIMARY KEY (`order_id`),
  ADD KEY `FKel9kyl84ego2otj2accfd8mr7` (`user_id`);

--
-- Chỉ mục cho bảng `order_detail`
--
ALTER TABLE `order_detail`
  ADD PRIMARY KEY (`order_id`,`product_id`),
  ADD KEY `FKb8bg2bkty0oksa3wiq5mp5qnc` (`product_id`);

--
-- Chỉ mục cho bảng `product`
--
ALTER TABLE `product`
  ADD PRIMARY KEY (`id`);

--
-- Chỉ mục cho bảng `product_description`
--
ALTER TABLE `product_description`
  ADD PRIMARY KEY (`id`,`product_id`,`title`),
  ADD KEY `FK9iiotbwtk1n1b6dgga729sg9q` (`product_id`);

--
-- Chỉ mục cho bảng `product_image`
--
ALTER TABLE `product_image`
  ADD PRIMARY KEY (`id`,`product_id`),
  ADD KEY `FK6oo0cvcdtb6qmwsga468uuukk` (`product_id`);

--
-- Chỉ mục cho bảng `product_size`
--
ALTER TABLE `product_size`
  ADD PRIMARY KEY (`size_id`,`product_id`),
  ADD KEY `FK8i3jm2ctt0lsyeik2wt76yvv0` (`product_id`);

--
-- Chỉ mục cho bảng `user`
--
ALTER TABLE `user`
  ADD PRIMARY KEY (`user_id`);

--
-- Các ràng buộc cho các bảng đã đổ
--

--
-- Các ràng buộc cho bảng `feel_back`
--
ALTER TABLE `feel_back`
  ADD CONSTRAINT `FKg1e4fbda3w9ydfbmfbcb0utr7` FOREIGN KEY (`product_id`) REFERENCES `product` (`id`),
  ADD CONSTRAINT `FKimycm8vwjln92mlrl12ugkp7x` FOREIGN KEY (`user_id`) REFERENCES `user` (`user_id`);

--
-- Các ràng buộc cho bảng `orders`
--
ALTER TABLE `orders`
  ADD CONSTRAINT `FKel9kyl84ego2otj2accfd8mr7` FOREIGN KEY (`user_id`) REFERENCES `user` (`user_id`);

--
-- Các ràng buộc cho bảng `order_detail`
--
ALTER TABLE `order_detail`
  ADD CONSTRAINT `FKb8bg2bkty0oksa3wiq5mp5qnc` FOREIGN KEY (`product_id`) REFERENCES `product` (`id`),
  ADD CONSTRAINT `FKrws2q0si6oyd6il8gqe2aennc` FOREIGN KEY (`order_id`) REFERENCES `orders` (`order_id`);

--
-- Các ràng buộc cho bảng `product_description`
--
ALTER TABLE `product_description`
  ADD CONSTRAINT `FK9iiotbwtk1n1b6dgga729sg9q` FOREIGN KEY (`product_id`) REFERENCES `product` (`id`);

--
-- Các ràng buộc cho bảng `product_image`
--
ALTER TABLE `product_image`
  ADD CONSTRAINT `FK6oo0cvcdtb6qmwsga468uuukk` FOREIGN KEY (`product_id`) REFERENCES `product` (`id`);

--
-- Các ràng buộc cho bảng `product_size`
--
ALTER TABLE `product_size`
  ADD CONSTRAINT `FK8i3jm2ctt0lsyeik2wt76yvv0` FOREIGN KEY (`product_id`) REFERENCES `product` (`id`);
COMMIT;

/*!40101 SET CHARACTER_SET_CLIENT=@OLD_CHARACTER_SET_CLIENT */;
/*!40101 SET CHARACTER_SET_RESULTS=@OLD_CHARACTER_SET_RESULTS */;
/*!40101 SET COLLATION_CONNECTION=@OLD_COLLATION_CONNECTION */;
